alkyl%alkyl
alkylen%alkylene
Alládin%Aladdin
Alláh%Allah
Allah%Allah
All But Dissertation%ABD
Allegra%Allegra
allegretto%allegretto
allegro%allegri%allegro
Allen%Allen
Allied Tactical Air Forces%ATAF
Allis%Allis
Allison%Allison
All-Optical Imaging Brassboard%AOIB
All Praise And Credit%APAC
All The Best%ATB
allyl%allyl
allylchlorid%allyl chloride
Allyn%Allyn
alma mater%alma
almanach%almanac
almandin%almandine
almužna%pittance%alms
almužna žebrákovi%handout
almužny%alms
alobal%tinfoil
alochtonní%allochthonous
alochtonní mikroorganismus%allochthonous microorganism
alodiální%allodial
aloe%aloes%aloe
alofonní%allophonic
aloin%aloin
alokace%allocation
alokace (promítnutí vlivů do dílčích operací)%allocation
alokace domácího zvířectva%allocation of livestock
alokace plodin%allocation of crops
alokace, přidělení, promítnutí%environmental allocation
alokace zdrojů%resource allocation
alokátor%allocator
alokovat%allocate
alokovat náklady%allocate costs
alokuce%allocution
alokuje%allocates
alomorfní%allomorphic
Alonzo%Rohan
alopatie%allopathy
alotrop%allotrope
alotropický%allotropic
alotropie%allotropy
alpaka%alpaca
Alpert%Alpert
alpha%alpha
Alphonse%Alphonse
Alphonse Bertillon%Bertillon
alpinismus%climbing%mountaineering%mountain climbing
alpinista%alpinist
alpská pastvina%alp
alpský%alpine
Alpy%Alps
Alsasko%Alsatia
Alsop%Alsop
alt%alto%countertenor
Altair%Altair
altán%summerhouse%summer-house%garden house%arbour
altánek%gazebo%arbour
Alterante Fuel Vehicle%AFV
alternace%alternations
alternativa%alternative
alternativně%variantly%alternatively
alternativní%alternative
alternativní kultura%counterculture
alternativní medicína%alternative medicine
alternativní zemědělství%sustainable agriculture%alternative agriculture
alternativy%alternatives
alternátor%alternator
alternovaný%alternated
alternovat%alternate
Alton%Alton
altruismus%altruism
altruista%altruist
altruisticky%altruistically
altruistický%altruistic
alula%alula
aluminium%aluminum
aluviální%alluvial
aluvium%alluvium
Alva%Alva
Alvarez%Alvarez
alveolára (dásňová souhláska)%alveolar
alveolární%alveolar
alveolus%alveolus
Alvin%Alvin
Alžběta%Elizabeth
alžbětinský%Elizabethan
Alzheimerova nemoc%Alzheimer's disease
Alžír%Algeria%Algiers
Alžířan%Algerian
alžírsko%Algeria
alžírský%Algerian
Amadeus%Amadeus
amalgám%amalgam
amalgamace%amalgamation
amalgamát%amalgamation
amalgamátor%amalgamator
amalgamovat%amalgamate
amalgán%amalgam
Amálie%Amelia
amarant%amaranth
Amarillo%Amarillo
amarylka%amaryllis
amatér%dilettante%amateur
amatéři%amateurs%nonspecialists
amatérizmus%amateurism
amatérský%amateur%amateurish
amatérství%dilettantism
amauróza%amaurosis
amazonka%amazon
ambasáda%embassy
ambice%ambitions%ambition
ambicióznější%grander
ambiciózní%highflying%high-flying
ambient air standard%ambient air standard
ambitrofní mikroorganismus%ambitrophic microorganism
ambra%ambergris
ambrózie%ambrosia
ambróziový%ambrosian%ambrosial
ambulance%emergency room%ambulance%ambulances
ambulantní%ambulant
ambulantní pacient%outpatient
Amdahl%Amdahl
améba%amoebae%amoeba%ameba
amébiáza%amoebiasis
améboidní%amoeboid
amébovitý%amoebic
amébový%amoebic
améby%amoebas
ameloblast%ameloblast
amen%amen
amenorea%amenorrhea%amenorrhoea
Amer%Amer
America%America
Američan%American man%American%Yankee
American%American
American Association for the Advancement of Science%AAAS
American Civil Liberties Union%ACLU
Američané%Americans
američanka%American
Američanka%American woman
American Standard Code for Information Interchange%ASCII
America OnLine%AOL
americium%americium%Am
Americká Centrální Banka%Federal Reserve
americká federace práce a kongres průmyslových organizací%AFL-CIO%American Federation of Labor and Congress of Industrial Organizations
americká námořní pěchota%USMC (United States Marine Corps)
americká občanská válka v letech 1861-1865%Civil War
Americká revoluce%American Revolution
Americká Samoa%American Samoa
americká televizní show%Saturday night special%Saturday-night special
americká znaková řeč%ASL%American Sign Language
americké kuželky%bowling
americké námořnictvo%USN (United States Navy)
Americký%American
americký%Yankee
americký dolar%greenback
americký federální vyšetřovací úřad%Federal Bureau of Investigation%FBI
americký film%American film
americký fotbal%American football%football
americký herec a tanečník%Astaire
Americký Indián%American Indian
Americký plán%American plan
americký sci-fi seriál%Stargate
Americký sen%American dream
americký spisovatel%Thoreau
americký spisovatel 20. stol.%Salinger, J. D.
americký svaz ochránců zvířat%ASPCA
americký topol%cottonwood
amerika%yankeeland
Amerika%America
amerikanismus%Americanism
Amerikanizace%Americanizations
amerikanizace%Americanization
Amerikanizmus%Americanism
amerikanizovat%Americanize
amerikanizovatel%Americanizer
amerikanizovatelé%Americanizers
amerikanizuje%Americanizes
Amerika ve válce%America at war
Ames%Ames
ametrie%ametria
ametropie%ametropia
ametyst%amethyst
ametystový%amethystine
amfetamin%amphetamine
amfetaminy%amphetamines
amfibiont%amphibiont
amfibol%hornblende
amfimixie%amphimixis
amfiteátr%amphitheatric%amphitheatre
amfiteatrální%amphitheatrical
amfitoátr v Římě%Colosseum
amfora%amphora%pitcher
amfoterní%amphoteric
amid%amide
amidopyrin%amidopyrine
Amiga%Amiga
amin%amine
aminobenzen%aminobenzene
aminokyselina%amino acid
aminosloučenina%amine compound
aminová skupina%amino group
Amish%Amish
amitóza%amitosis
Ammerman%Ammerman
amnestie%amnesty
amnestovat%amnesty
amnézie%amnesia
amniocetéza%amniocentesis
amnion%amnion
amniotický%amniotic
amok%amok%amuck
amoniak (veškerý) (hydrochemie)%ammonia (total)
amoniak%ammonia
amoniak (volný) (hydrochemie)%ammonia (free)
amoniakový%ammoniacal%ammoniac
amonifikace%ammonification
amonity%ammonites
amonium%ammonium
amonizace (vody)%ammonisation
amonizační mikroorganismus%ammonifying microorganism
amonný iont%ammonium ion
amor%Eros%cupid
amoret%cupid
amorfně%amorphously
amorfní%amorphous
amorfní látka%amorphous substance
amorfnost%amorphousness
amortizace%amortization%redemption%amortisation
amortizace, odpis%depreciation
amortizace, umořování%amortize
amortizoval%amortized%amortised
amortizování%depreciating
amortizovaný%written off
amortizovat%amortise%amortize
Amos%Amos
ampér%ampere%amp
ampérhodina%ampere-hour
ampérmetr%ammeter
ampersand%ampersand
ampérsekunda%ampere-second
ampéry%amps
ampérzávit%ampere-turn
ampicilin%ampicillin
amplión%tannoy
amplion%reproducer%amplifier
amplituda%amplitude
amplitudová modulace%amplitude modulation
am. prezident%Reagan
ampule%ampulla%ampule
ampulka%ampule%ampul%ampoule%phial
ampulovitý%ampullary
amputace%amputation%apocope
amputace prstu%mastectomy
amputován%amputated
amputování%amputating
amputovat%amputate
Amsterdam%Amsterdam
Amsterodam%Amsterdam
amulet%phylactery%amulet%talisman
amulety%amulets
amur%amur
Amy%Amy
amygdalin%amygdalin
amyl%amyl
amyláza%diastase%amylase
amyloidóza%amyloidosis
amylolytický mikroorganismus%amylolytic microorganism
amylolýza%amylolysis
anabatický%anabatic
anabolický steroid%anabolic steroid
anabolikum%anabolic
anabolismus%anabolism
anachronický%anachronistic
anachronismus%anachronism
anachronisticky%anachronistically
anachronistický%anachronistic
Anacreon%Anacreon
anaerob%anaerobe
anaerobicky%anaerobically
anaerobióza%anaerobiosis
anaerobní%anaerobic
anaerobní mikroorganismus%anaerobic microorganism
anaerobní proces%anaerobic process
anafora%anaphora
anaforický%anaphoric%anaphorically
anafrodiziakální%anaphrodisiac
anafylaktický%anaphylactic
anagram%anagram
anagramatický%anagrammatic
anagramy%anagrams
anakolut%anacoluthon
anakonda%anaconda
anakondy%anacondas
Anakreón%Anacreon
analfabet%analphabet
analgetický%analgetic%analgesic
analgetika%painkillers
analgetikum%analgetic
analgezie%analgesia
anální%anal
anální sex%sodomy
Analní sex%butt-fuck
Analog Hardware Descriptive Language%AHDL
analogický%analogous%parallel%correlary%analogical
analogicky%analogically
analogie%analogy%analogies%analogues%analogue%analog
analogový počítač%analog computer
Analog to Digital Converter%ADC
anály%annals
Analysis of Alternatives (formerly: COEA)%AOA
analyt%analyte
analytici%analysts
analytická%analytic
analytická disperze%analytic dispersion
analyticky%analytically%analytical%analytic
analytik%assayer%analyst
analytika%analytics
analytik trhu%market analyst
analýza%breakdown%analysis
analýza citlivosti%sensitivity analysis
analýza efektivnosti nákladů%CEA%cost effectiveness analysis.%cost-effectiveness analysis
analýza intenzity využívání%intensity of use analysis
analýza intervalových dat přežití%interval data survival analysis
analýza multikriteriálního rozhodování%MCDA
analýza nákladů a přínosů%CBA
analýza následků%consequence analysis
analýza nejistot%uncertainty analysis
analýza neurčitosti%uncertainty analysis
analýza příčin%causal analysis
analýza regulačního dopadu%Regulatory Impact Analysis (RIA).
analýza rovnováhy materiálů%materials balance analysis
analýza systémů%systems analysis
analyzátor%analyser%analyzer
analýza trhu%market analysis
analýza v domě%in-house analysis
analýza veřejné volby%public choice analysis
analýza vlivu%impact analysis
analýza výnosů a nákladů%benefit-cost analysis.
analýza výnosů a nákladů, diskontní sazba%benefit-cost analysis, discount rate.
analýza výnosů a nákladů, měření výnosů%benefit-cost analysis, measurement of benefits.
analýza výnosů a nákladů, odhad nákladů%benefit-cost analysis, cost estimation.
analýza výnosů a nákladů, výnosy z omezování znečištění%benefit-cost analysis, pollution control benefits.
analýza výnosů a nákladů, výnosy z rekreace%benefit-cost analysis, recreation benefits.
analýza životního cyklu%life-cycle analysis
analyzoval%analysed
analyzován%analyzed
analyzování%analyzing%analysing
analyzovaný%analysed
analyzovat%anatomize%analyse%analyze
analyzovatelný%analyzable%analysable
analyzovat údaje%break down figures
analýzy%analyses
anamnéza%anamnesis
anamorfóza%anamorphosis
ananas%pinnacle%pineapple
ananasový%pineapple
ananasový meloun%honeydew melon
anaplazmóza%anaplasmosis
Anapurna%Annapurna
anarchický%anarchic
anarchie%anarchy
anarchista%anarchist
anarchisté%anarchists
anarchistický%anarchical%anarchistic
anarchizmus%anarchism
Anastasia%Anastasia
Anastázie%Anastasia
anastigmat%anastigmat
anastomóza%anastomosis
anastrofa%anastrophe
anatéma%anathema
Anatolijský%Anatolian
anatom%anatomist
anatomicky%anatomically
anatomický%anatomical%anatomic
anatomie%anatomy
ancefalický%anencephalic
Ancient Monument%Ancient Monument
ančovička%anchovy
ančovičky%anchovies
Andalusie%Andalusia
andante%andante
anděl%seraph%angel%seraphim
anděl bezedné propasti%Abaddon
andělé%angels
andělíček%cherub
andělika%angelica
anděl ničitel%Abaddon
andělský%angelical%angelic%cherubic%seraphic
andělsky%seraphically
Andersen%Andersen
Anderson%Anderson
Andes%Andes
andezit%andesite
andílek%cherub
And Now For A Word From Our Sponsor%ANFAWFOS
Andorra%Andorra
Andre%Andre%Jacob
Andrea%Andrea
Andreas%Osbaldo
Andrew%Andrew
Andrews%Andrews
androgen%androgen
androgenní%androgenic
androgyn%androgyny
android%android
androidi%androids
androidní%android
andropoidní%anthropoid
andský%Andean
and so on%a podobně
andulka%budgie%budgerigar
And Where Can I Get One%AWCIGO
a/nebo%and/or
anebo%or%or else
anekdota%joke%anecdote
anekdoticky%anecdotally
anekdotický%anecdotical%anecdotic%anecdotal
anekdoty%anecdotes
anektovaný%annexed
anektovat%annex
anekumena%anecumene
anemický%anemic%exsanguine
anemie%anemia
anemometr%anemometer
anemoplankton%anemoplankton
aneroid%aneroid%aneroid barometer
anestetický%anesthetist%anesthetic
anesteticky%anesthetically
anestetikum%anaesthetic
anestézie%anesthesia%anaesthetic%anaesthesia
anesteziolog%anesthesiologist%anaesthetist
aneurin%aneurin
aneurisma%aneurism
aneurismatický%aneurysmal%aneurismal
aneurismus%aneurysm
aneurysma%aneurysm
aneuryzmatický%aneurismatic
anex%anion exchanger
anexe%annexation
Anežka%Agnes
angažmá%engagement
angažovanost%involvement
angažovaný%waged%committed%engaged
angažovat%engage
angažovati se %waging
angažovat se%enlist
Angela%Angela
Angeles%Angeles
Angeline%Angeline
Angelo%Angelo
angína%angina%tonsillitis%quinsy%tonsilitis
angína pektoris%angina pectoris
angiografie%angiography
angiom%angioma
angioplastika%angioplasty
anglán%pommy%limey
Anglán%pom
angldozer%angledozer
angličan%briton%englander%limey
anglická libra%pound sterling
anglická piva%ales
anglická pohádková postava%Robin Hood
anglické křestní jméno%Al
anglické piva%stouts
anglické pivo%pale ale%brown ale%mixed
anglické příjmení%Smith
anglické světlé pivo%ale
anglický%Anglican
anglicky%English
anglický dramatik%Shakespeare
anglický dramatik a básník%Jonson
anglický herec%Ustinov
anglický matematik%Turing
Anglický spisovatel%Jacobs
angličtina%English
Anglie%England
anglikán%Anglican
anglikánský%Anglican
angloamerický%Anglo-American
anglofil%Anglophil%Anglophile
anglofilie%Anglophilia
anglofóbie%Anglophobia
Anglosas%Anglo-Saxon
anglosaský%Anglo-Saxon
Angola%Angola
Angolan%Angolan
angolský%Angolan
angora%angora
angorská vlna%angora
angosticismus%agnosticism
angrešt%gooseberry%gooseberries
angstrom%angstrom
Anguilla%Anguilla
angulární%angular
Angus%Angus
anhidróza%anhidrosis
anhydrid%anhydride
ani%even%nor%neither
ani... ani%neither... nor
anihilace%annihilation
anihilátor%annihilator
ani hláska%no word
ani jeden%no one%nary%neither
anilín%aniline
anilinový%aniline
animace%animations%animation
animální%animal
animálnost%animalism
animátor%animator
animismus%animism
animista%animist
animovaný%animated%anime
animovaný film%animated cartoon
animovat%animate
animozita%animosity
animuje%animates
ani náhodou%nope%noway
ani omylem%noways
anion%anion
aniont%anion
aniontový%anionic
anionty%anions
ani ryba ani rak%neither fish nor fowl
ani se nehnout%stay put
ani ten ani onen%neither
ani ten, ani onen%either
aniž%though not%without
ani za mák%not by a fraction
anizotropie%anisotropy
anizotropie půdní propustnosti (půdy)%permeability anisotropy
anizotropní%anisotropies%anisotropic
anketa%poll
ankylóza%anchylosis%ankylosis
anlýza rizika a přínosů%RBA
Ann%Ann
Anna%Anne%Anna
Anne%Anne
Annette%Annette
ano%yes%yip%aye%yea%ya%yeah%ay%yeas%quite%yup
ANO%BOUCLE
anoda%anode
anodizovaný%anodized
anodovat%anodize
anodový%anodic
anolis%anole
anomálie%anomalies%anomaly
anomálně%anomalously
anomální%anomalous
anomický%anomic
anomie%anomie
anonym%anonym
anonymita%anonymity
anonymně%anonymously
anonymní%innominate%anonymous%faceless
anorektický%anorexic%anorectic
anorexie%anorexia
anorganická látka%inorganic matter
anorganický%inorganic
anosmie%anosmia
anotace%footnote%annotations%annotation
Another Three Letter Acronym%ATLA
anotoval%annotated
anotovaný%annotated
anotovat%annotate
anotující%annotating
anoxibióza%anoxibiosis
anoxie (hydrochemie)%anoxia
Anselm%Anselm
Anselmo%Anselmo
ANSI%ANSI
antacid%antiacid%anti-acid
antacida%antacids
antacidum%antacid
antagonismus (biol.)%antagonism
antagonismus%antagonism
antagonismus pesticidu%pesticide antagonism
antagonismus toxického účinku%antagonism of toxic effect
antagonista%antagonist
antagonistický%antagonistic%opposing
antagonistický vztah (mikrobiologie)%antagonistic relation
Antarctic Treaty%Antarctic Treaty
Antarktický%Antarctic
Antarktický oceán%Antarctic Ocean
antarktida%antarctic
Antarktida%Antarctica
antartický%antarctic
antedatoval%backdated
antedatování%antedating
antedatovat%foredate%antedate%backdate
anténa%aerial%antenna
antény%antennae
Anthony%Anthony
anti%anti
antibakteriální%antibacterial
antibiotický%antibiotic
antibiotika%antibiotics
antibiotikum%antibiotic
antibiotikum, obchodní název Azactam%aztreonam
antičástice%antiparticle
anticipace%anticipation
anticipační%anticipatory
anticipační vyhovění%anticipatory compliance.
anticipovat%anticipate
anticipuje%anticipates
antický%antique%ancient
anticyklóna%anticyclone
anticyklování%anticyclonic
antidepresivum%antidepressant
antidetonátor%antiknock
antidiuretický%antidiuretic
antidumpingový%anti-dumping
antifašista%antifascist%anti-fascist
antiferomagnetický%antiferromagnetic
antiferomagnetismus%antiferromagnetism
antifona%antiphon
antifonický%antiphonal
antigen%antigen
antigenita%antigenicity
antigenní%antigenic
antigennost%antigenicity
antigeny%antigens
antigravitace%antigravity%anti-gravity
antigravitační%anti-gravity
Antigua a Barbuda%Antigua & Barbuda
antihistaminikum%antihistamine
antihmota%antimatter
antihrdina%antihero%anti-hero
antiinflační%anti-inflationary
antiinflační opatření%anti-inflationary measures
Anti-Jam%AJ
antika%antics%antiquity
antiklinála%anticline
antikoagulační%anticoagulative
antikoagulant%anticoagulant
antikomunista%anticommunist
antikoncepce%contraception%birth control%birth-control
antikoncepční%contraceptives%contraceptive
antikoncepční metoda%rhythm method
Antikrist%The Beast
antikrist%Antichrist
antikvariát%antiquarian bookshop%secondhand bookshop
antikvární%secondhand
antikvovat%antiquate
antilogaritmus%antilogarithm
antilopa%serow%antelope
antilopa impala%impala
antimagnetický%antimagnetic
antimalarický%antimalarial
antimikrobiální%antimicrobial
antimon%antimony
antimoničný%antimonic
antimonopolní%antitrust
antineutrino%antineutrino
antineutron%antineutron
antinomie%antinomy
antinomista%antinomian
antioxidant%antioxidant
antiparalelní%antiparallel
antipatický%antipathetic
antipatie%antipathy
antiperspirant%antiperspirant
antipod%antipode
antipodický%antipodal
antipodní%antipodal%antipodean
antipyretický%antipyretic
antireflexní%non-dazzling%antiglare
antirezonance%antiresonance
antisaprobita%antisaprobity
antisemismus%anti-Semitism
antisemita%anti-Semite
antisemitismus%anti-Semitism
antisemitizmus%antisemitism
antisemitský%anti-Semitic%antisemitic
antisepticky%antiseptically
antiseptický%antiseptic
antiseptikum%antiseptic agent
antisérum%antiserum
antispazmodický%antispasmodic
antistatický%antistatic
antitetický%antithetic
antitéza%antithesis
antitézy%antitheses
antitoxický%antitoxic%antidotal
antitoxin%antitoxin
antitoxiny%antitoxins
antivirový%antiviral
Antoine%Antoine
antologie%anthology%anthologies%florilegium
Anton%Anton
Antonín%Antonin%Anthony
Antonín Dvořák (1841-1904)%Dvorak
Antonio%Antonio
Antony%Antony
antonymum%antonym
antracen%anthracene
antrachinon%anthraquinone
antracit%anthracite
antracitový%anthracitic
antrakóza%anthracosis
antrální%antral
antrax%anthrax
antropická zoocenóza%anthropic zoocoenosis
antropický vliv%anthropic influence
antropocentrický%anthropocentric
antropoekologický systém%anthropoecological system
antropoekologie%anthropoecology
antropoekosystém%anthropoecosystem
antropofilní organismus%anthropophilic organism
antropofyt%anthropophyte
antropogenetický%anthropic
antropogenní%anthropogenic
antropogenní eroze%anthropogenic erosion
antropogenní faktor%anthropogenic factor
antropogenní jev%anthropogenic phenomenon
antropogenní krajina%anthropogenic landscape
antropogenní působení na krajinu%anthropogenic impact on landscape
antropogenní zdroj znečištění%anthropogenic pollution source
antropogenní zdroj znečišťování ovzduší%anthropogenic air pollution source
antropogenní změna krajiny%anthropogenic landscape alteration
antropoidní%infrahuman
antropolog%anthropologist
antropologický%anthropological
antropologie%anthropology
antropologové%anthropologists
antropometrický%anthropometric
antropometrie%anthropometry
antropomorfizmus%anthropomorphism
antropomorfizovat%anthropomorphize
antropomorfní%anthropomorphic%anthropomorphous
antroposféra%anthroposphere
antrum%antrum
Antverpy%Antwerp
anuita%annuity
anuitní obligace%annuity bond
anuloid%tori
anulování%retraction%cancelling%abrogation%nullification%cancellation%annulment%voidance%recision
anulovaný%nullified%invalidated%reversed%rescinded%canceled
anulovat%quash%abrogate%invalidate%disaffirm%defeat%abolish%void%rescind%nullify%countermand%override%cancel%annul
anulovatelný%defeasible%extinguishable
anuluje%nullifies%invalidates%resets
anulující%invalidating%restarting
anuréza%anuresis
anurický%anuric
anxiolytikum%anxiolytic
Any Day Now%ADN
Anything That Turns You On Baby%ATTYOB
anýz%anise%aniseed
anýzovka%anisette
a obracne , a naopak%and vice versa
aorist%aorist
aorta%aortae%aorta
aortální%aortic%aortal
Apač%Apache
Apache%Apache
Apači%Apaches
apanáž%appanage%allowance%apanage
aparát%apparatus%device%appliance
aparátník%apparatchik
aparatura%plant%installation%device
aparáty%apparatuses
apartheid%apartheid
apartmá%suite
apatický%insensible%impassive%stolid%listless%apathetic%lethargic
apaticky%impassively%stolidly%lethargically
apatičnost%torpidity
apatie%impassiveness%stupor%disinterest%lassitude%apathy%lethargy
apatit%apatite
apelační%appellate
apeloval%appealed
apelovat%appeal
apelovat na%appeal
apendix%appendix
Apeniny%Apennines
aperiodický%aperiodic
aperitiv%apertitif%appetiser%appetizer%aperitif
apertura%aperture
apetyt%put-away
apex%apex
apikální%apical
aplanatický%aplanatic
aplaudoval%applauded
aplaudovat%applaud
aplaus%plaudit
aplikace%use%application%administration
aplikace herbicidu po vzejití (rostliny)%post-come up herbicide application
aplikace herbicidu před vzejitím (rostliny)%pre-come up herbicide application
aplikační program%application
aplikátor%applicator
aplikovaná matematika%applied mathematics
aplikovaný%applied
aplikovat%apply
aplikovatelný%applicable
aplikuje%applies
apofýza%apophysis
apofyzální%apophyseal
apogeum%apogee
apokalypsa%apocalypse
apokalyptický%apocalyptic%apocalyptical
apokopa%apocope
apokopovat%apocopate
apokrinní%apocrine
apokryf%apocrypha
apokryfický%apocryphal
apokryfní%apocryphal
apokryfy%apocrypha
apolitický%nonpolitical
Apollo%Apollo
apollón%apollo
apologetika%apologetics
apologie%apologia
apoplektický%apoplectic
apoplexie%apoplexy
aportovat%retrieve
apoštol%apostle
apoštolát%apostolate
apoštolové%apostles
apoštolský%apostolic
apoštolství%apostleship%apostolate
apostrof%diaeresis%apostrophe
apostrofovat%apostrophize
apostrofy%apostrophes
apoteóza%apotheoses
apozice%apposition
Appia%Appia
Appleby%Appleby
Appleton%Appleton
apraxie%apraxia
apretace%finish
apretovat%finish
apretura%dressing
April%April
aprílový žert%April fool
a priori%a priori
apriori%a priori
apriorní%preconceived
aprobovaný%certified
aproximace%approximations%approximation
aproximovaný%approximated
aproximovat%approach
aproximuje%approximates
apsida%apsis%concha%apse
apsidální%apsidal
Apulie%Apulia
ar%are
ara%macaw
Arab%Arabian%Saudi Arabian%Arab
arabeska%arabesque
Arabia%Arabia
Arábie%Arabia
arabista%Arabist
arabská guma%gum arabic%acacia
arabské číslice%Arabic numerals
arabské číslo%Arabic numeral
Arabské moře%Arabian Sea
arabské tržiště%souk
arabský%Arabian%Arab%Arabic
arabský kůň%Arab
Arabský kůň%Arabian horse
Arabský poloostrov%Arabian Peninsula
arabština%Arabic
arachnofobie%arachnophobia
aragonit%aragonite
Aralské moře%Aral sea
aranžér%arranger
aranžér výkladních skříní%window dresser
aranžmá%arrangement
aranžování%arranging
arašíd%peanut
arašídové máslo%peanut butter
arašídový%peanut
arašídy%peanuts
arbitr%referee%arbiter%arbitrator
arbitráž%arbitrage%arbitration
arbitražér%arbitrageur
arbitrážní%arbitral
arbitrážní makléř%arbitrager
arbitrážní podmínka%arbitrage condition
arboretum%arboretum
arboricid%arboricide
arbský%Arabian
arch%sheet
archa%ark
archaicky%archaically
archaický%archaic%archaistic
archaický název pro Anglii%Albion
archaicky znát%wist
archaizmus%archaism
archanděl%archangel
archa úmluvy%ark of the covenant
archdiecéze%archdiocese
archeolog%archaeologist%digger
archeologická památka%archaeological monument
archeologický%archeologic%archaeological%archaeologic%archeological
archeologicky%archaeologically
archeologie%antiquarianism%archeology%archaeology
archeoložka%archaeologist
archeopteryx%archaeopteryx
archetyp%archetype
archetypní%archetypal
Archibald%Archibald
Archie%Archie
architekt%architect
architekti%architects
architektka%architect
architektonicky%architecturally
architektonický%architectonic%architectural
architektonika%architectonics
architektura%architecture
architektury%architectures
architráv%architrave
archiv (instituce)%record office
archiv%archives%chancery%archive
archivace%archiving
archivář%archivist
archivní%archive%archival
archivnictví%archival science
archivování%archiving
archivovaný%archived
archivovat%archive
archiv vytvořený tarem%tarball
archívy%archives
archón%archon
arcibiskup%archbishop
arcibiskupský%archiepiscopal
arcibiskupství%archbishopric
arcidiecéze%archdiocese
arcijáhen%archdeacon
arcijáhenský%archidiaconal
arcijáhenství%archdeaconry
arcikněz%archpriest
arcivévoda%archduke
arcivévodkyně%archduchess
arcivévodský%archducal
arcivévodství%archduchy
Arden%Arden
areál%territory%premises%area
areál druhu%area of species
areál škodlivosti%area of harmfulness
areál školy nebo univerzity%campus
areáltyp (botanika, zoologie)%area type
areflexe%areflexia
aréna%hippodrome%arena%circus%bullring
are not%ain't
arény%arenas
Ares%Ares
aretace%arrestment
aretovat%detent%arrest
Are We Going To Have To Go Through ALL This Again?%AWGTHTGTATA
Are We Going To Have To Go Through This Again?%AWGTHTGTTA
Are We Having Fun Yet?%AWHFY
are You Available to Chat?%YAC
aRe yoU Male or Female?%RUMF
Are You There?%AYT
Argentina%Argentina
Argentinec%Argentine%Argentina
argentinský%Argentinian%argentine
Argo%Argo
Argó%Argo
argon%argon
argonaut%argonaut
Argonauti%Argonauts
Argos%Argos
argot%argot%vernacular
argument%argument%reasoning
argumentace%argument%argumentation%reasoning
argumentovat%argue
argumentuje%argues
argumentující%argumentative
argumenty%arguments
aridní zóna%arid zone
árie%aria
arie%arias
Aries%Aries
árijec%Aryan
árijský%Aryan
aristokracie%nobility%baronage%aristocracy
aristokrat%aristocrat
aristokrati%aristocrats
aristokraticky%aristocratically
aristokratický%blue-blooded%aristocratic%high-toned
aritmetický%arithmetical
aritmetický průměr%arithmetic mean
aritmetika%arithmetic
Arizona%Arizona
Arkansas%Arkansas
arkánum%arcanum
arktické splývání obzoru%whiteout
arktický%arctic
Arktický oceán%Arctic Ocean
arkussinus%arcsine
