epizody%episodes
epizoidický pramen%epizoitic spring
epizoocie%epizooty
epizootický%epizootic
epocha%epoch%period%time%date%age
epochální%epochal%epoch-making
epóda%epode
epoleta%epaulet
eponym%eponym
eponymický%eponymous
eponymní%eponymous
epopej%epopee
epos%epos
epoxid%epoxy
epoxidová nátěrová hmota%epoxy resin paint
epoxidová pryskyřice%epoxy resin
epsilon%epsilon
Epstein%Epstein
éra%time%era%aeon
erb%coat of arms%crest%blazon
erbium%erbium
erbovní%armorial
erbovní štít%blazon
erekce%stiffy%boner%hard-on%erection
erektilní%erectile
erektor%erector
eretismus%erethism
erg%erg
ergonomicky%ergonomically
ergonomický%ergonomic
ergonomie%ergonomics%ergonomy
ergosterol%ergosterol
ergotamin%ergotamine
ergotismus%ergotism
Eric%Eric
Erich%Erich
Erick%Sterling
Erickson%Erickson
Ericson%Ericson
Ericsson%Ericsson
Erie%Erie
Erika%Erika
Erikson%Erikson
Eriksson%Eriksson
Erin%Erin
Eritrea%Eritrea
Erlang, obecně zaměřený programovací jazyk a běhové prostředí%Erlang
Erle Stanley Gardner%Gardner
Erne%Erne
Ernest%Ernest
Ernst%Ernst
éro%aero
erodování%eroding
erodovaný%eroded
erodovat%erode
erodovatelnost (půdy)%erodibility
Eros%Eros
EROS European River Ocean System%European River Ocean System
erotická literatura%erotica
erotický%erotic%sexy
eroticky%erotically
erotický např. časopis%girlie
erotičnost%erotism%eroticism%sexiness
erotika%erotica%erotic%sex
erotogenní%erogenous
eroze%erosion%denudation
eroze půdy%soil erosion%landslip
erozívní%erosional
erozivní%erosive
erozně nebezpečný déšť%erosion risk rain
erozně uzavřený celek%erosively closed area
erozní brázda%erosion furrow
erozní cyklus%erosion cycle%erosion interval
erozní oblast%erosion area
erozní pramen%erosion spring
erozní rýha%erosion rill
erozní základna%erosion base line
Error Message Replace User%EMRU
Error Replace User%ERU
Erskine%Erskine
erudovanost%erudition
erudovaný%erudite
erupce%eruption
Ervin%Ervin
Erwin%Erwin
erysipel%erysipelas
erytém%erythema
erytroblast%erythroblast
erytrocyt%erythrocyte
erytrodermie%erythroderma
erytromycin%erythromycin
esa%aces
Esau%Esau
eschatologický%eschatological
eschatologie%eschatology
Escherichia coli%Escherichia coli
escudo%escudo
esej%paper%essay
eseje%essays
esejista%belletrist%essayist
esejistický%essay-like style
esence%flavouring%essence
esencialismus%essentialism
esencialista%essentialist
esenciálně%essentially%substantively
esenciální%essential
eskadra%squadron
eskadra smrti%death squad
eskadry%squadrons
eskalace%escalation%upsurge
eskalátor%escalator
eskalovat%escalate
eskamotér%juggler
eskamotérství%legerdemain%prestidigitation
eskamotérsví%prestidigitation
eskapáda%escapade
eskont%discount
eskontovat%discount
eskontovat směnky%to discount bills
eskorta%escort
eskortovat%escort
eskortuje%escorts
eskymácké boty z kůže%mukluk
eskymácký%eskimo
eskymácký kabátec s kapucí%parka
eskymácký pes%husky
eskymáčtina%Eskimo
eskymák%eskimo
eso%humdinger%crackerjack%zinger%ripper%hotshot%big shot%ace
Eso Rimmer%ace Rimmer
esoterický%esoteric%recondite
esoterismus%esotericism
esovitý%sigmoid
esperanto%Esperanto
Esposito%Esposito
espreso%espresso
esprit%esprit
Essen%Essen
Essex%Essex
Estella%Estella
ester%ester
esterifikovat%esterify
estery%esters
Estes%Estes
estét%aesthete
estetická škoda%aesthetic damage
estetický%aesthetical%aesthetic
esteticky%aesthetically
estetik%aesthetician
estetika%aesthetics
estetizmus%aestheticism
estétství%aestheticism
Esther%Esther
Estimated Time En route%ETE
Estimated Time of Departure%ETD
Estonec%Estonian
Estonsko%Esthonia%Estonia
estonský%Estonian
estráda%vaudeville
estradiol%oestradiol
estrádní umělec%artiste
estrády%entertainments
estragon%tarragon
estriol%estriol
estrogen%estrogen%oestrogen
eta%eta
etablovat%establish%entrench
etalon%gauge
etamín%tammy%etamine
etan%ethane
etandiol%ethanediol
etanol%ethanol%ethyl alcohol
etapa%stage%lap%period%phase
etapové odvodnění%sequential drainage
etapy%laps
éter%ether%aether%air
éterický%ethereal
ethan%ethane
ethanol%ethanol
Ethel%Ethel
ethylalkohol%ethanol%neutral spirits
etický%ethical
etika%morality%ethic%ethics
etika práce%work ethic
etiketa%etiquette%tag%label
etiketování%labelling
etiologie%etiology%aetiology
etiolovat%etiolate
Etiopan%Ethiopian%Abyssinian
Etiopané%Abyssinians
etiopický%Ethiopian
Etiopie%Abyssinia%Ethiopia
Etiopiec%Ethiopic
etiopský%Ethiopic%Ethiopian
etmoidální%ethmoid
etnicky%ethically
etnický%ethnical%ethnic
etnocentrický%ethnocentric
etnograf%ethnographer
etnografický%ethnographical%ethnographic
etnografie%ethnography
etnolog%ethnologist%ethologist
etnologický%ethnologic%ethnological
etnologie%ethnology
etologický%ethological
etologie%ethology
etologie krajiny%landscape ethology
étos%ethos
etuje%etui
etyl%ethyl
etylacetát%ethyl acetate
etylalkohol%ethyl alcohol%ethylalcohol
etylchlorid%ethyl chloride
etylén%ethylene
etylenglykol%ethylene glycol
etyleter%ethyl ether
etymolog%etymologist
etymologicky%etymologically
etymologický%etymological
etymologický slovník%etymological dictionary
etymologie%etymology
etymologizovat%etymologize
etymon%etymon
eubakterie%eubacteria
eucharistie%eucharist
eudaimonie%eudaemonia
eudaimonism%eudemonism
eudiometr%eudiometer
eufemismus%euphamism%euphemism
eufemismus pro smrt%quietus
eufemistický%euphemistic
eufemisticky%euphemistically
eufemizovat%euphemize
eufonický%euphonical%euphonic
eufonie%euphony
eufonyum%euphonium
euforický%euphoric
euforie%euphoria
eufotická vrstva%euphotic zone%euphotic layer
eufuismus%euphuism
Eugene%Philip
eugenický%eugenic
eugenika%eugenics
eukaliptus%gum tree%gum-tree
eukalypt%eucalyptus
eukaryontní%eukaryotic
euklidovský%euclidean
Euler%Euler
eulitorál%eulittoral zone
eumenidy%eumenides
Eunice%Eunice
eunuch%castrato%eunuch
Euratom%Euratom
Euro%Euro
euroasijský%Eurasian
Europaeische Wirtschaftsgemeinschaft EWG%European Economic Community
Europe%Europe
European Atomic Energy Community%European Atomic Energy Community
European Economic Community EEC%European Economic Community
European Environmental Bureau EEB%European Environmental Bureau
European River Ocean System EROS%European River Ocean System
European Union%EU
europium%europium
Eurošek%Eurocheque
eurybiont%eurybiont
euryekní organismus%euryoecious organism
eurythermní organismus%eurythermous organism
eurytmie%eurythmy%eurhythmics
Eustachova trubice%Eustachian tube
eutanazie%euthanasia
eutektický%eutectic
euthanasie%mercy killing%euthanasia
eutoxicita%eutoxicity
eutrofizace%eutrophication
eutrofní jezero%eutrophic lake
eutrofní voda%eutrophic water
eV%eV
Eva%Eva
evakuace%evaluations%evacuation
evakuováno%vacuumed
evakuovaný%evacuated%evacuee
evakuovaný člověk%guinea pig
evakuovat%evacuate
Evan%Evan
evangelia%gospels
evangelický%evangelistic
evangelista%evangelist%gospeller
evangelisté%evangelists
evangelium%evangel%gospel
evangelizační%evangelistic
Evans%Evans
evaporace%vaporization%volatization%evaporation
evaporační potřeba%evaporation demand
evaporační vláhová potřeba%evaporation water demand
evapotranspirace%evapotranspiration
evapotranspirační vláhová potřeba%evapotranspiration water demand
Evelyn%Evelyn
Evensen%Evensen
eventrace%eventration
eventualita%eventuality%contingency
eventuality%contingencies
eventuálně%possibly
eventuální%prospective%potential
Everest%Everest
Everett%Everett
Everhart%Everhart
evidence%record%evidence
evidentně%manifestly
evidentní%self-explanatory%evidential
evidované znečištění%registered pollution
evidovaný zdroj znečištění%registered pollution source
evidovat%file
Evil Grin%EG
eviscerace%evisceration
evokativně%evocatively
evokovatelný%invokable
evoluce%evolution
evolucionismus%evolutionism
evolucionista%evolutionist
evolučně%evolutionarily
evoluční%evolutionist%evolutionary
evoluta%evolute
Evolved Expendable Launch Vehicle%EELV
evorze%evorsion
Evropa%Europe
Evropan%European
evropané%Europeans
Evropanka%European
Evropská Asociace Volného Obchodu%European Free Trade Association /EFTA/
Evropská banka pro obnovu a rozvoj%European Bank for Reconstruction and Development
Evropská investiční banka%European Investment Bank /EIB/
Evropská unie%European Union%EU
Evropské hospodářské společenství EHS%European Economic Community
Evropské středisko jaderného výzkumu%CERN%Centre Européen pour la Recherche Nucléaire
evropský%European
Evropský měnový systém%European Monetary System /EMS/%European Monetary System
Evropský regionální rozvojový fond%European Regional Development Fund /ERDF/
evulze%evulsion
Evžen%Eugene
Ewen%Ewen
EWG Evropské hospodářské společenství%European Economic Community
Ewing%Ewing
exacerbace%exacerbation
exaktní%scientific
eXamine Your Zipper%XYZ
exantém%exanthema
excelence%majesty%excellency
excelentně%superlatively
excelentní%better than sex
excentricita%eccentricity
excentrický%acentric%off-centre%excentric
excentrik%crackpot
excerpce%excerpt
exces%excess
eXceSs-three code%XS
excesy%excess
excitace%excitation%exciting
exciton%exciton
excitovaný%excited
excitovat%excite
excize%excision
exclusive%exclusive
exeget%exegete
exegetický%exegetical%exegetic
exegeze%exegesis
exekuce%distraint%execution
exekuční%executory
exekutiva%executive
exekutivní%executive
exekutivy%executives
exekutor%distrainer%executor
exekutoři%executors
exempce%exemption
exemplář%specimen
exemplární%exemplary
Exercise In Futility%EIF
Exeter%Exeter
exhalace%emissions%exhalation
exhibicionismus%exhibitionism
exhibicionista%flasher%exhibitionist
exhibicionistický%exhibitionistic
exhumace%exhumation
exhumoval%exhumed
exhumovat%exhume%disinter
exil%exile
existence%lifetime%existence%life%being
existencialismus%existentialism
existencialistický%existentialist
existenciální%existential
existencionalismus%existentialism
existenčně%existentially
existenční minimum%living wage%breadline
existovalo%existed
existovat%subsist%be%exist
existovat před něčím%preexist%pre-exist
existuje%exists
existující%subsistent%existing%existent%extant
exitencionalistický%existentialist
exitus%exit
exkavace%excavation
exkavátor%excavator
exkluzivista%exclusivist
exkluzivita%exclusiveness
exkluzivní%exclusive
exkluzivní módní tvorba%haute couture
exkomunikace%excommunication
exkomunikoval%excommunicated
exkomunikovat%excommunicate
exkrement%excrement
exkurze%excursions%field trip%excursion
exlibris%bookplate
ex-manžel%ex-husband
exmanželka%exwife
ex-manželka%ex-wife
Exmoor%Exmoor
exoderm%exoderm
exodus%exodus
exoftalmus%exophthalmos
exogamický%exogamic%exogamous
exogamie%exogamy
exogenně%exogenously
exogenní%exogenous
exogenní geochemický proces%exogenous geochemical process
exogenní respirace%exogenous respiration
exogenní rostlina%exogen
exokrinní%exocrine
exorcismus%exorcism
exorcista%exorcist
exosféra%exosphere
exosomatická spotřeba%exosomatic consumption
exospora%exospore
exot%exotic
exotermický%exothermic%exothermal
exotermicky%exothermically
exoticky%exotically
exotický%exotic%outlandish
exotičnost%exoticism
exotika%exotica
exotoxin%exotoxin
Expanded Situational Awareness Insertion%ESAI
expandér%expander
expandéry%expanders
expandování%expanding
expandovaný%expanded
expandovat%expand
expanduje%expands
expanze%expansion
expanze filtrační náplně%filter layer expansion
expanzivní%expansionary
expanzivní rozpočtová politika%expansionary budgetary policy
expatriace%expatriation
expedice%dispatch%shipping%expedition
expediční%expeditionary
expedovaný%despatched
expedovat%despatch
expektorační%expectorant
Expendable Launch Vehicle%ELV
experiment%trial%experiment
experimentalismus%experimentalism
experimentálně%experimentally
experimentální%experimental
experimentální metody pro odhalení preferencí%experimental methods for preference elicitation
eXperimental Stealth Tactical (Have Blue)%XST
experimentátor%experimenter%experimentalist
experimentátoři%experimenters
experimentoval%experimented
experimentování%experimentation%experimenting
experimentovat%experiment with%experiment
experimenty%experiments
expert%pro
experti%experts
expertiza%expertise
expertní hodnocení rizik%expert risk assessment
expertní systém%expert system
expirační%expiratory
expiratorní%expiratory
explicitnost%explicitness
exploatace%exploitation
exploatace krajiny%landscape exploitation
explodoval%detonated%exploded
explodovat%explode
exploduje%explodes
explodující%exploding%detonating
exploze%upswing%explosions%explosion
explozivně%explosively
explozivní%detonative
exponát%showpiece%exhibit
exponáty%exhibits
exponenciálně%exponentially
exponenciální%exponential
exponenciální funkce%antilogarithm
exponenciální index rezerv%exponential reserve index
exponent%index%exponent
exponenty%exponents
exponovat%expose
export%exportation%export
exportér%exporter
exportní%exportable%export
exportní daně%export taxes
exportní komodity%export commodities
exportování%exporting
exportovaný%exported
exportovat%export
exportovatelný%exportable
exportuje%exports
exporty%exports
expozice%exhibition%exposure
expoziční cesta%exposure pathway
expoziční vstup%exposure route
expres%express%special delivery
expresionista%expressionist
expresionistický%expressionistic%expressionist
expresionizmus%expressionism
expresivně%expressively
expresivní%expressive
exsorpce%exsorption
extatický%ecstatic
extáze%ecstasy%ecstasies
extáze (mn. č.)%ecstasies
extempore%wheeze%extempore
extemporovat%extemporize
eXtended Edition%XE
eXtended Integrated Data Base%XIDB
Extended Life Tire%EXLITE
Extended Range Interceptor%ERINT
Extended Three Letter Acronym%ETLA
EXtensible HyperText Markup Language%XHTML
eXtensible Markup Language%XML
extenzivně%extensively
extenzivní%extensive
extenzivní ekonomický okraj%extensive economic margin
extenzivní vlastnost (systému)%extensive property
extenzivnost%extensiveness
exteriér%exterior%outside
exteriér sídelního útvaru%exterior of urban configuration
exteritorialita%extraterritoriality
exteritoriální%extraterritorial
externalita, potenciálně relevantní%externality, potentially relevant.
externalita, reciproká%externality, reciprocal
externalita, vytěsnění%externality, crowding
externalita, zásoby%externality, stock
externality%externalities
externality a selhání trhu%externalities and market failure.
externality, inframarginální%externalities, inframarginal
externality , irelevantní%externality, irrelevant
externality, jednosměrné%externality, unidirectional
externality, mezičasové%externalities, intertemporal
externality, nevyčerpatelné%externalities, undepletable
externality, Parento-relevantní%externalities, Pareto-relevant.
externality, Pareto irelevance%externalities, Pareto irrelevant.
externality, peněžní%externalities, pecuniary
externality politické%externalities, political
externality, technologické%externalities, technological
externality, vyčerpatelné%externalities, depletable
externality, znečištění%externalities, pollution
eXternal Page Table%XPT
externě%externally
externí%outer%outside%external
externí budování kariéry%external career building
externí genitílie%pudendum
externí výnosy%external benefits.
extort%extort
extra%extra
extracelulární%extracellular
extradice%extradition
extrahování%extraction%extracting
extrahovaný%extracted
extrahovat%extract
extrahovatelný%extractable
extrahuje%extracts
extrahující%extracting
extrakce%extraction
extrakční%extractive
extrakt%extraction%extract
extraktivní%extractive
extraktor%extractor
extrapolace%extrapolation
extrapolace do oblasti nízkých dávek%high-to-low-dose extrapolation
extrasensory perception%ESP
extravagantně%extravagantly
extravagantní%extravagant
extravazace%extravasation
extra velký%king-sized%king-size
extrém%extremum%extremity
extremála%extremal
Extremely High Frequency%EHF
Extremely Low Observable%ELO
Extrememly Gruntled Customer%EGC
extrémista%extremist%hardliner
extrémisté%lunatic fringe%extremists%hardliners
extremizmus%extremism
extrémně%extremely%supremely%riotously
extrémnější%more extreme
extrémně pravicový%far-right
extrémní%ultra%dire%extreme%excruciating%far-out%exceeding
extrémní egocentrik%egomaniac
extrémní liberalista%hipster
extrémnost%extremeness
extrémy%extrema%extremes
extrospektivní%extrospective
extrovert%extrovert%extroversive
extrovertní%extrovert
extroverze%extraversion%extroversion
extrudoval%extruded
extrudovat%extrude
extruze%extrusion
extruzivní hornina%extrusion rock
exulantský%exilic
Ezechiel%Ezekiel
Ezekiel%Ezekiel
Ezop%Aesop
f%f
fa%fa
Faber%Faber
Fabian%Fabian
fabiánský%fabian
fabion%cavetto
fábor%ribbon
fabrika%factory
facelift%facelift
Face To Face%FTF
faciální%facial
facka%smacker%slap%clout
fackovat%slap
fackuje%cuffs
fáčovina%cheesecloth
fádní%dead%gray%humdrum%drab
fádnost%insipidity%insipidness
Faerské Ostrovy%Faroe Islands
fág%phage
Fagin%Fagin
fagocyt%phagocyte
fagocytóza%phagocytosis
fagot%bassoon
fagotista%bassoonist
Fahey%Fahey
Fahrenheit%Fahrenheit
fain%brill
Fairbanks%Fairbanks
Fairchild%Fairchild
Fairfax%Fairfax
Fairfield%Fairfield
fajáns%faience
fajfka%pipe%tick
fajitas%fajitas
fajn%okay%groovy%hunky-dory%fine%brill
fajnový%sqeamish
fakan%brat
fakír%fakir%fakeer
faksimile%facsimile%replica
fakt%fact
fakta%nonfiction%actualities
fakticky%absolutely%virtually%factually
faktický%factual%nonfictional
faktičnost%factuality
faktor%factor
faktor biokoncentrace%BCF
faktor formování krajiny%landscape formation factor
faktoriál%factorial
faktoring%factoring
faktorizace%factorization%factorisation
faktorizoval%factorised%factorized
faktorizovat%factorise%factorize
faktor mezních nákladů%marginal cost factor
faktor nejistoty%uncertainty factor (UF)
faktor prostředí%environmental factor
faktor směrnice%slope factor
faktor vodní eroze%water erosion factor
faktory%factors
faktory ekvivalentních vlivů%equivalency factors
faktualičnost%factualness
faktura%invoice%bill
fakturace%invoicing%billing
fakturování%invoicing%billing
fakturovaný%invoiced
fakturovat%invoice%bill
fakturovat, účtovat%invoice
faktury%invoices
fakty%facts
fakulta%school%faculty%college
fakultativní%facultative%optional
fakultativní mikroorganismus%facultative microorganism
fakultativní parazit%facultative parasite
fakultativní saprofyt%facultative saprophyte
fakulty%faculties
falafel%falafel
falanga%phalanx
falangy%phalanges
Falcko%Palatinate
fald%plica%ruck
faleš%falseness%falsehood%phoniness
falešná jména%aliases
falešná sentimentálnost%mawkishness
falešná stopa%red herring
falešná zpráva%hoax
falešně%out of tune%falsely
falešnější%falser
falešné obvinění%frame-up%a bum rap
falešně obviněný%framed
falešně patetický%bathetic
falešné představení skutečnosti%fraud
falešně sentimentální%mawkish
falešné těhotenství%pseudocyesis
falešné uznání%lip-service%lip service
falešné zprávy%hoaxes
falešnost%falseness%falsehood%double-dealing
falešný%pinchbeck%false%all show%spurious%put-up%artificial%two-faced%pseudo%catty%phony%untrue%out of tune%hollow%sham%specious%phoney%bogus%shoddy
falešný hráč%cardsharp
falešný poplach%false alarm
falešný smutek%crocodile tears%cry me a river
falešný zájemce%shill
falický%priapic%phallic
Falk%Falk
fall/fell/fallen%fell%fall%fallen
Falling Down Rolling On The Floor Laughing%FDROTFL
Falling Off The Chair Laughing%FOTCL
falšování%adulteration%faking%counterfeiting
falšování potravin%adulteration
falšovaný%forged%tampered%phony%phoney%adulterate
falšovaný míček v kriketu%googly
falšovaný úder do míčku%topspin
falšovat%tamper%falsify%adulterate%forge%fake
falšovatel%adulterator%counterfeiter
falšuje%fakes
falzifikace%falsification
falzifikát%phony%phoney
fáma%scuttlebutt%rumor%rumour
familiární%familiar
familiárnost%familiarity
familiérně%familiarly
famózní%famous
fámulus%famulus
fámy%rumours
fanatici%fanatics
fanatický%fanatical%fanatic%rabid%partisan
fanaticky%rabidly%fanatically
fanatičnost%fancifulness
fanatik%freak%fanatic%zealot%bigot
fanatismus%fanaticism%zealotry
fanda%fan%jock
fandit%root for%cheer
fanerofyt%phanerophyte
fanfára%fanfare
fanon%fanon
fanoušci%fans%supporters
fanoušek%fan%addict%rooter%supporter
fanoušek býčích zápasů%aficionado
fantaskní%surreal
fantasmagorický%phantasmagoric
fantasta%fantasist%fantast
fantastická skladba%extravaganza
fantasticky%stunningly%devastatingly%fantastically
fantastický%go-go%dishy%fancy%slap-up%thumping%unearthly%fantastic%gogo%chimaerical%terrific%fantastical
fantazie%phantasy%imagination%fantasies%fantasia%fancy%imagery%fantasy
fantazírovat%daydream
fantom%phantom%eidolon
fantomová končetina%phantom limb
fanynka%groupie%cheerleader
FAO Food and Agriculture Organization of the United Nations%Food and Agriculture Organization of the United Nations
fara%rectory%parsonage%vicarage%presbytery%manse
farad%farad
faradayův náboj%faraday
farao%faro
faraon%pharaoh
farář%vicar%minister%parish priest%incumbent%a man of the cloth
farářka%clergywoman
Farber%Farber
Fargo%Fargo
farizej%pharisee
Farkas%Farkas
Farley%Farley
farma%farmstead%farmhouse%farm
farmaceut%druggist%pharmacist
farmaceutická společnost%pharmaceutical company
farmaceutický%pharmaceutic%pharmaceutical
farmacie%pharmacy%pharmaceutics
farmakokinetika%pharmacokinetics
farmakolog%pharmacologist
farmakologický%pharmacological%pharmacologic
farmakologie%pharmacology
farmakopéa%pharmacopoeia
farmář%farmer%campesino
farmaření%ranching
farmáři%farmers
farmářka%farmerette
Far More Than Everything You've Ever Wanted To Know%FMTEYEWTK
farmy%farms
farní%parish%parochial
farník%parishioner
farní kostel%parish church
farnost%parish
farnosti%parishes
Farnsworth%Farnsworth
Farrell%Farrell
faryngitida%pharyngitis
farynx%fauces%pharynx
fasáda%frontage%front%facade
fasády%facades
fascie%fascia
fascikl%dossier%fascicle
fascikulace%fasciculation
fascinován%fascinated
fascinovaný%fascinated
fascinovat%fascinate
fascinující%mesmeric%glamorous%enthralling%engrossing%fascinating
fascinujícím způsobem%fascinatingly
fasciolóza%fascioliasis
faseta%bevel%facet%bezel
fasetování%bevelling
fasetuje%facets
fasety%facets
fašismus%fascism
fašista%fascist
fašistický%fascistic%fascist
fastback%fastback
Faster Than A Speeding Bullet%FTASB
Faster Than Light%FTL
fatalista%fatalist
fatalisticky%fatalistically
fatalistický%fatalistic
fatalizmus%fatalism
fatálně%fatally
fatální%fatal
fatálnost%fatality
Father In Law%FIL
Father Of A Friend Of A Girlfriend%FOAFOAG
Father Of A Girlfriend%FOAG
faul%foul
Faulkner%Faulkner
fauloval%fouled
faulovat%foul
faul v rugby%knock on
faun%faun
fauna%fauna%zoology
Fauntleroy%Fauntleroy
Faust%Faustus%Faust
Faustmannovo pravidlo%Faustmann Rule.
faustovský%faustian
fauvismus%fauvism
faux pas%faux pas
favismus%favism
favorit%leader
favoriti%favourites
favorizovat%prefer
favorizující%favouring
Fawkes%Fawkes
fax%facsimile%fax
faxovat%fax
fax s tepelnou tiskárnou%Thermofax
faxuje%faxes
faxy%faxes
fáze%stage%phase%phases
fáze (systému)%phase
fáze měsíce%phase of the moon
fáze vzestupu%recovery
fazol%haricot
fazole%bean%beans
fazole strakatá%pinto bean
fazol měsíční%lima bean
fazol obecný%butter bean%wax bean%green bean
fazolové lusky%butter bean%French beans
fázovač%phaser
fázová modulace%phase modulation
fázování%synchronizing%phasing
fázová odolnost rostlin%plant age resistance
fázová propustnost%phase permeability
fázové složení (systému)%phase composition
fázový přechod%phase transition%phase change
fázový prostor%phase space
fázový úhel%phase angle
Fear, Uncertainty and Doubt%FUD
February%Feb
federace%federation
federál%g-man
Federal Aviation Administration%FAA
federalismus%federalism
federalistický%federalist
federalizace%federalization
federalizovat%federalize
Federal Laboratory Consortium%FLC
Federally Funded Research and Development Center%FFRDC
federálně%federally
federální%federal
federální agent%fed
federální obchodní komise%ICC
federální úřad pro kontrolu znečištění vody%FWPCA
federativní%federal%federative
Federico Garcia Lorca%Garcia Lorca
F---ed If I kNow!%FIIN
F---ed If I Know!%FIIK
F---ed Up Beyond All Belief%FUBAB
F---ed Up Beyond All Repair/Recognition%FUBAR
F---ed Up More Than Usual%FUMTU
feed/fed/fed%feed%fed
feel/felt/felt%felt%feel
Feeney%Feeney
fejeton%feuilleton%short essay
fekálie%soil
fekálie používané jako hnojivo%night-soil%night soil
fekální%fecal%faecal
fekální koliformní bakterie%faecal coliform bacterium
fekální streptokok%faecal streptococcus
fekt nevpuštění dovnitř%crowding-out effect
felace%blowjob%fellatio
felčar%sawbones%croaker%bonesetter
Felder%Felder
Feldman%Feldman
Felice%Felice
Felicia%Felicia
Felicie%Felicia
Felix%Felix
fellatio%fellatio
Fell Off Chair Laughin My Ass Off%FOCLMAO
Fellowship of the Rings (a Tolkien work)%FotR
feminismus%feminism
feministický%feminist
feministka%feminist
feministky%feminists
feminizace%feminization
feminizovat%feminize
femme fatale%femme fatale
femorální%femoral
femtosekunda%femtosecond
fén%hairdryer%fohn%foehn
fena%bitch
fenacetin%phenacetin
fencyklidin%angel dust
fenestrace%fenestration
féničan%Phoenician
fénický%phoenician
féničtina%Phoenician
fenik%pfennig
fénix%phoenix
fenka%bitch
fenofáze%phenophase
fenol%phenol
fenolftalein%phenolphthalein
fenologie%phenology
fenolová látka%phenol
fenolová pryskyřice%phenolic resin
fenolová voda%phenol water
fenolový koeficient%phenol coefficient
fenomén%phenomena%prodigy%phenomenon
fenomenálně%phenomenally
fenomenální%phenomenal
fenomenologicky%phenomenologically
fenomenologický%phenomenological
fenomenologie%phenomenology
fenomény%phenomena
fenoplast%phenolic%phenolic plastic%phenoplast
fenotyp%phenotype
fenotypický%phenotypic
fénování%fanning
fentolamin%phentolamine
Fenton%Fenton
Fenwick%Fenwick
feny%bitches
fenykl%fennel
fenyl%phenyl
fenylalanin%phenylalanine
fenylamin%phenylamine
fenylbutazon%phenylbutazone
Ferber%Ferber
Ferdinand%Ferdinand
Ferguson%Ferguson
ferit%ferrite
fermentace%fermenting%fermentation
fermentovat%ferment
fermež%boiled oil%varnish
fermion%fermion
Fernando%Fernando
feromagnetický%ferromagnetic
feromagnetismus%ferromagnetism
feromon%pheromone
feromony%pheromones
feroslitina%ferro alloy
férová osoba%a good sport
férová šance%a fighting chance
férovost%fairness
Ferreira%Ferreira
Ferrer%Ferrer
fertilizace%fertilization%fertilisation
fešáci%hunks
fešák%good looker%hunk%goodlooker%loverboy%fine thing%pretty boy%beau%looker
fešanda%dish
fešný%swanky%swank
festival%festival
festivalový%festival
festivaly%festivals
feťáci%junkies
feťák%junky%junkie%drug addict
fetální%fetal
fetiš%fetish%fetich
fetišismus%fetishism
fetisismus%fetishism
fetišista%fetishist
fetišistický%fetishistic
fetoskopie%foetoscopy
fetovat%take drugs%do drugs
fetva%fatwa
