arkustangens%arctangent
arkýř%bay%oriel%jetty
arkýřové okno%bay window
Arlen%Arlen
Arlington%Arlington
armáda%army%force
Armáda Spásy%Salvation Army
armádní%military%army
armády%armies
Armageddon%Armageddon
armatura%armature%fittings%fitting
Arménie%Armenia
arménský%Armenian
armovat%reinforce%armour
Armstrong%Armstrong
army post office%APO
arnika%arnica
Arnold%Arnold
Arnold Engineering Development Center%AEDC
Arnošt%Ernst
arogance%hubris%arrogance
arogantně%smugly%cavalierly%arrogantly
arogantní%uppish%cockily%presumptuous%snooty%overbearing%smug%arrogant%cocky%snotty
arogantní postoj%tude
arogantnost%arrogance%cockiness
aroma%flavouring%aroma%odour%spice%relish%flavor
aromaterapeut%aromatherapist
aromaterapie%aromatherapy
aromaticita%aromaticity
aromatická sloučenina%aromatic compound
aromatický%flavourous%flavourful%odorous%aromatic%odoriferous%flavoursome
aromatizovat%aromatize
arondace pozemků%land rounding-off
ARPANET%ARPANET
arpeggio%arpeggio
arsen%arsenic
arsenid%arsenide
arsenovodík%arsine
arsin%arsine
Art Deco%art deco
art deko%deco
artefakt%artefact%artifact
artefaktový%artefactual
artefakty%artefacts
arterie%arteria%artery
arterioskleróza%arteriosclerosis
arteriovenózní%arteriovenous
artézská studna%artesian well
artézská studně%artesian well
artézská voda%artesian water
artézský%artesian
artézský pramen%artesian spring
artézský přetlak%artesian overpressure
artikl%commodity
artikulace%articulation
artikulační%articulatory
artikulátor%articulator
artikulovaný%articulate
artikulovat%articulate
artista%artiste
artisticky%artistically
artralgie%arthralgia
artritický%arthritic
artritida%arthritis
artrodéza%arthrodesis
artropod%arthropod
artroskopie%arthroscopy
Artur%Arthur
Arturo%Arturo%Reed
Artuš%Arthur
artušovský%Arthurian
artyčok%globe artichoke%artichoke
Aruba%Aruba
a rychle!%pronto
arytmický%arrhythmical
arytmie%arrhythmia
arze%arses
arzén%arsenic
arzenál%ordnance%armory%arsenal%armoury
arzeničnan%arsenate
arzenid%arsenide
arzenik%arsenic
arzénik%As
arzenitý%arsenious
arzenovodík%arsine
arzénový%arsenical
a.s.%corp
asagaj%assagai
As A Matter Of Fact%AAMOF
a samozřejmě ...%as luck would have it
asanace%decontamination%sanitation
asanoval%decontaminated
asanovat%decontaminate
ASCII%ASCII
ascites%ascites
asepse%asepsis%antisepsis
aseptický%aseptic
asertivita%assertiveness
asertivně%assertively
asertivní%assertive
asexualita%asexuality
asexuálně%asexually
asexuální%asexual
asfalt%tar%tarmac%blacktop%asphalt
asfaltovat%bituminize%asphalt
asfaltový%tarry%asphaltic
asfaltový chodník%tarmacadam
As Far As I Am Aware%AFAIAA
As Far As I Can See%AFAICS
As Far As I'm Concerned%AFAIC
As Far As I Remember%AFAIR
As Far As I Understand It%AFAIUI
asférický%aspherical
asfodel%asphodel
asfyxie%asphyxia
Asher%Asher
Ashland%Ashland
Ashley%Ashley
asi%probably%Presumably%about%prolly = probably
Asian Office of Aerospace Research and Development%AOARD
Asiat%Asiatic
Asie%Asia
Asijec%Asian
asijský%Asiatic%Asian
asimilace%assimilation
asimilační%assimilatory
asimilační rybník%assimilation pond
asimiloval%acculturated
asimilován%assimilated
asimilovaný%acculturated
asimilovat%assimilate%acculturate
asimilující%assimilative
As I Said Before%AISB
As I See It%AISI
asistence%assistance
asistent%assistant%sectarian
asistenti%fellows%assistants
asistovaná sebevražda%assisted suicide
asistování%assisting
asistovaný%aided%assisted
asistovat%assist
asistující%assisting
asi tak%thereabouts
asi tam%thereabouts
As It Were/Was%AIW
askariáza%ascariasis
asketa%ascetic
asketický%ascetic%austere%ascetical
asketicky%austerely%ascetically
askeze%asceticism
askospora%ascospore
askus%ascus
As Much/Many As Possible%AMAP
asociace%associations%fellowship%association
asociace pro kontrolu znečištění ovzduší%APCA
asociační faktor%association factor
asociační teplo%association heat
asociální%antisocial%asocial
asocianismus%associationism
asociativita%associativity
asociativně%associatively
asociativní%associative
asociativnost%associativity
asociovaný%associated
asociovat%associate
asociovatelný%associable
asociující%associating
asonance%assonance
asonanční%assonant
asparagin%asparagine
asparágus%asparagus
aspartam%aspartame
aspekt%aspect
aspekty%aspects%facets
aspergilom%aspergilloma
aspergilóza%aspergillosis
As Per Your Request%APYR
aspidistra%aspidistra
aspik%jelly%aspic
aspirace%pretension%aspirations%aspiration
aspirant%wannabe
aspirin%aspirin
aspiroval%aspirated
aspirovat%aspire%aspirate
aspoň%at least%but
Assessment System for Aircraft Noise%ASAN
Associated television%ATV
Association of Southeast Asian Nations%ASEAN
As Soon As F---ing Possible%ASAFP
astat%astatine%At
astázie%astasia
astenie%asthenia
astenopie%asthenopia
asteroid%asteroid
asteroidy%asteroids
astigmatický%astigmatic
astigmatizmus%astigmatism
astma%asthma
astmatický%asthmatic
Aston%Aston
Astor%Astor
astra%aster
astrachán%astrakhan
astragal%astragal
astrálně%astrally
astrální%astral
astro-fyzický%astrophysical
astrofyzik%astrophysicist
astro-fyzika%astrophysics
astrofyzika%astrophysics
astrolog%magus%astrologer
astrologický%astrological
astrologie%astrology
astrologové%astrologers
astrometrie%astrometry
astronaut%astronaut
astronauti%spacemen%astronauts
astronautický%astronautical
astronavigace%astronavigation
astronom%astronomer
astronomická jednotka%astronomical unit
astronomický%astronomical%astronomic
astronomicky%astronomically
astronomie%astronomy
astronomové%astronomers
7. a 8. stupeň střední školy v USA%junior high%junior high school
Asuncion%Asuncion
asymetrické externality%assymetrical externalities
asymetricky%asymmetrically
asymetrický%asymmetrical%asymmetric
asymetrie%asymmetry
asymptota%asymptote
asymptoticky%asymptotically
asymptotický%asymptotic
asynchronně%asynchronously
asynchronní%asynchronous
Asyřan%Assyrian
Asýrie%Assyria
Asýrijský%Assyrian
asyrský%Assyrian
asyrština%Assyrian
ať%to%let%may
a tak dál%and so on
a tak dále%et cetera%and stuff%etc.
a také%as well as
ataktický%ataxic%atactic
Atari%Atari
atašé%attache
atavismus%atavism
atavistický%atavistic
ataxie%ataxia
Atchison%Atchison
atd%etc%etc.
ateista%atheist%infidel
ateisté%atheists
ateistický%atheistical%atheistic
ateizmus%atheism
ateliér%atelier%studio
Aténa%Athena
atentát%assassination
atentátník%assassin
atenuátor%attenuator
Atény%Athens
ateroskleróza%atherosclerosis
atest%attest
atestace%attestation
atestovaný%attested
atestovat%atest
Athens%Athens
athénský filozof%Aristotle
athénský generál%Alcibiades
Athens Treaty on Land-Based Sources of Pollution%Athens Treaty on Land-Based Sources of Pollution
Athény%Athens
ať je tomu jakkoli%be that as it may
Atkins%Atkins
Atkinson%Atkinson
Atlanta%Atlanta%Atalanta
atlantický%Atlantic
Atlantický oceán%Atlantic Ocean
Atlantik%Atlantic
Atlantis%Atlantis
atlantský%Atlantic
atlantský oceán%Atlantic
atlas%atlas
atlet%athlete
atleti%athletes
atletické závody%track
atleticky%athletically
atletický%track-and-field%track and field%athletic
atletika%athletics
ať mě tví přátelé nechají!%call off the dogs
atmometr%atmometer
atmosféra%ambience%place%atmosphere
atmosférická voda%atmospheric water
atmosférické poruchy%X's
atmosféricky%atmospherically
atmosférický%atmospherical%atmospheric
atmosférický ion%atmospheric ion
atmosférický jev nad bouřkovými mraky%jets
atmosféry%atmospheres
ať... nebo%whether... or
atol%atoll
atom%atom
Atomic Energy Commission AEC%Atomic Energy Commission
atomicky%atomically
atomický%atomistic
atomistický%atomistic
atomizace%atomization%atomisation%atomicity
atomizér%atomizer
atomizmus%atomism
atomizovat%atomize
atomová bomba%atom bomb%nuke%atomic bomb%A-bomb
atomová energie%atomic energy
atomová hmotnost%atomic weight
atomová zbraň%nuke
atomové číslo%atomic number
atomové hodiny%atomic clock
atomovka%nuke
atomový%nuclear%atomic
atomový hřib%mushroom cloud
atomy%atoms
atonalita%atonality
atonální%atonal
atonický%atonic
atonie%atonia%amyotonia
atoxický%atoxic
atrakce%attractions%spectacle%attraction
atraktant%attractant
atraktivita pro zveřejnění v novinách%newsworthiness
atraktivně%attractively
atraktivní%luscious%attractive
atraktivní např. žena%luscious
atraktivní osoba%looker
atraktivní vlastnosti navíc%bells and whistles
atraktivní žena%smasher
atraktivnost%attractiveness
atraktor%attractor
atraktory%attractors
atrapy%dummies
atrézie%atresia
atribut%quality
atributivní%attributive
atributivní riziko%attributable risk
atributy%attributes
atrioventrikulární%atrioventricular
atriový%atrial
atrium%atrium
atrofický%atrophic%atrophied
atrofie%athrophy%atrophy
atrofie varlat%testicular athropy
atrofovat%atrophy
atropin%atropine
ať se stane cokoli%come hell or high water
ať tak či onak%for better or worse
Attention%ATTN
At The End Of This Lesson You Will Be Able To%ATEOTLYWBAT
ať uděláš co uděláš, vždy to bude špatně%damned if you do and damned if you don't
Atwater%Atwater
Atwood%Atwood
atypický%atypical
atypicky%atypically
ať žije!%vive
au%hi%ouch%ow
Aubrey%Aubrey
audience%audience
audiogram%audiogram
audiogramy%audiograms
audiometr%audiometer
audiometrie%audiometry
audiovizuální%audiovisual
audio-vizuální%audio-visual
audit%audit
auditivní%auditive
auditor%auditor
auditoři%auditors
audit systému environmentálního managementu%environmental management system audit
audit systému  environmentálního managementu%environmental management system audit
Audrey%Audrey
Auerbach%Auerbach
augit%augite
augmentativní%augmentative
August%August
Augusta%Augusta
Augustine%Augustine
Augustus%Augustus
aukce%auction%auctions
aukcionář%auctioneer
aula%great hall%auditorium%assembly hall
aura%aura
Aurelius%Aurelius
aureola%aureola
aureomycin%aureomycin
auskultace%auscultation
Austen%Austen
austenit%austenite
austenitický%austenitic
Austin%Austin
Australan%Australian%Aussie
Australasie%Australasia
australianizovat%Australianize
australianizuje%Australianizes
Austrálie%Australia
austrální rostlinná říše%Austral Realm
Australoasijský%Australasian
australská angličtin%Australian
australský%austral%Australian
australský bumerang%kylie
australský vačnatec%wombat
australští domorodci%Abos
Austria%Austria
aut%out
auta%automobiles
autarkický%autarkic%autarkical
autarkie%autarchy
autarkní%autarkic%autarchic
autekologie%autecology
autem%by car
autentický%pukka%genuine%authentic%pucka
autenticky%authentically
autentičnost%authenticity
autentikátor%authenticator
autentizace%authentication
autistický%autistic
autizmus%autism
auto%auto%car%automobile
autobaterie%battery
autobiografický%autobiographical
autobiograficky%autobiographically
autobiografie%biopic%autobiography%autobiographies
autobus%bus%omnibus%coach
autobusová stanice%bus stop
autobusové nádraží%bus station
autobusový%bus
autobusy%buses
autocenzura%self-censorship
autochtonní%autochthonic%autochthonous
autochtonní mikroorganismus%autochthonous microorganism
autodestrukce%self-destruct
autodidaktický%self-taught
autodílna%body shop
autogamie%autogamy
autogenní%autogenous
autografický%autographic
autogram%autograph
autogyra%gyroplane%autogiro
autoimunitní%autoimmune
autojeřáb%truck crane%motor crane
autokar%coach
autokatalýza%autocatalysis
autokemping%caravan site%camping site
autokempink%camping
autokláv%autoclave
autokód%autocoder%autocode
autokorelace%autocorrelation
autokracie%autocracy
autokrat%Caesar
autokratický%autocratical%autocratic
autokraticky%autocratically
autolýza%autolysis
automat%vending machine%snack bar%automaton%automata%buffet%automat
Automatic Flight Control System%AFCS
Automatic Gain Control%AGC
automatické odsazování%auto indent
automatické piáno%pianola
automatické zpracování dat počítačem%ADP%automatic data processing
automaticky%automatically
automatický%self-acting%automatic
automatický pilot%automatic pilot
automatický stabilizátor%automatic stabilizer
automatický vzorkovač (vody)%automatic sampler
Automatic Test System%ATS
automatismus%automatism
automatizace%computerisation%automation
automatizmus%automatism
automatizovaná soustava kontroly jakosti vody%automatic water quality control system
automatizovaně%automatically
automatizovaný%computerized%automated
automatizovaný emisní monitoring (AEM)%automated emission monitoring
automatizovaný imisní monitoring (AIM)%automated immission monitoring
automatizovat%automatize%automate
automobil%motorcar%car%automobile
automobilismus%motoring
automobilizace%motorization
automobilový%vehicular%automotive%car%automobile
automobilový mechanik%grease monkey
automobil pro odvoz odpadu%waste tipper
automobil se sundávací hadrovou střechou%ragtop
automobil s odnímatelnou hadrovou střechou%ragtop
automobily%automobiles%motorcars
automobil značky Cadillac%Cadillac
automorfizmu%automorphism
auto-navigátor%autonavigator
autonomie%self-government%home rule%autonomy
autonomní%self-governing%autonomous
autonomní nervový systém%autonomic nervous system
autonomní spotřeba%autonomous consumption
Autonomous Landing Guidance%ALG
autoopravna%car repair service%garage
autopark%car pool
autopilot%autopilot%A/P%automatic pilot
autopiloti%autopilots
autoplastika%autoplasty
autoportrét%self-portrait
autor%author
autorádio%radio
autoradiograf%autoradiograph
autoradiografie%autoradiography
autor divadelní hry%playwright
autoregulace%autoregulation
autoregulace krajiny%landscape self regulation
autorem podepsaný snímek%autographed photograph.
autoři%authors
autorita%authority
autoritář%disciplinarian
autoritářský%authoritarian
autoritářství%authoritativeness%authoritarianism
autoritativně%magisterially%ex cathedra%authoritatively
autoritativní%ex cathedra%authoritarian%authoritative%magistral%magisterial
autoritativní systém%authority system%authoritarian system%authoritarianism
autoritativnost%authoritativeness
autority%authorities
autorizace%authorisation%authorization
\"Autorizovaná verze\", název anglického překladu bible%Authorized Version
autorizovaný%authorized%authorised
autorizovat%authorize%authorise
autorizovatel%certifier
autorizující%authorising
autorka%author%authoress
autor pornografie%pornographer
autorské právo%copyright
autorský%authorial
autorský zákon%Copyright Act
autorství%authorship
autor textu písně%songwriter
autor tragédií%tragedian
autoservis%service station%body shop%garage
autoškola%driving school%car school%drivers' school%school of motoring
autostop%hitchhike%hitchhiking
autostráda%superhighway%motorway%autostrada
autosugesce%auto-suggestion%autosuggestion
autotrafo%autotransformer
autotrofie%autotrophy
autotrofní%autotrophic
autotyp%autotype
autotypie%autotypy
Auxiliary Power Unit%APU
auxin%auxin
auxotrofní mikroorganismus%auxotrophic microorganism
-ával, -íval atd.%would
avantgarda%avant garde%avant-garde
avanturismus%adventurism
avaskulární%avascular
avatar%avatar
aventurin%aventurine
avenue%avenue
Avery%Avery
averze%loathing%disliking%abhorrence
averzní%aversive
aviatika%aeronautics
Aviation Battery Standardization%AVBATTS
avionika%avionic
avirulentní%avirulent
Avis%Avis
avitaminóza%avitaminosis
avízo%advice
avizovat%advise%notify
avokáda%avocados
avokádo%avocado%alligator pear
Avon%Avon
avšak%yet%but%nevertheless%however
awake/awoke/awoken%awoken
Away From Keyboard%AFK
Axel%Axel
axiálně%axially
axilární%axillary
axiom%axiom
axiomatizoval%axiomatized
axiomatizovaný%axiomatized
axiomatizovat%axiomatize
axiomy%axioms
axon%axon
Ayers%Ayers
až%when%until%till%only%as far as%not before%by the time%down
azalka%azalea
azbest%asbestos
azbestóza%asbestosis
azbukový%Cyrillic
až do%till%up to%up until
až do horkého konce%to the bitter end
až do horké porážky%to the bitter end
až dosud%hitherto
azeotrop%azeotrope
Ázerbájdžán%Azerbaijan
azimut%azimuth%bearing
azimutový%azimuthal
ážio%agio
ažiotáž%agiotage
až k%as far as%up to
10 až 15 let%a dog's age
až na%except
azoický%azoic
azoimid%azoimide
azonální%azonal
až po krk%earful
až potud%hereunto
až po uši%over head and ears
až příliš%to a fault
až příliš snadno%almost to easy
AZT%AZT%azidothymidine
aztécký%Aztec
Azték%Aztec
azur%azure
azurit%azurite
azurová%cyan
azurový%azure%sky-blue
až usadí prach%come out in the wash
azyl%haven%sanctuary%asylum
b%b
ba%indeed%what
ba, ano%nay
bába%beldam%crone%beldame%grannie
baba%hag%cold-footer
baba, kunda, píča, pichna%poon-tang%poon
Babcock%Babcock
babi%granny
babička%grandmother%granny%grannie%grandma
babičkovský%grandmotherly
babičky%grandmothers
babizna%hag%beldam
babka%gammer
babočka%emperor butterfly
bábovka%sponge cake%gugelhupf cake%madeira cake%patsy
babrat se%niggle
babský večírek%hen party
babtistérium%baptistery
bábuška%babushka
babylón%babel
Babylón%Babylon
Babyloňané%Babylonians
Babylónie%Babylonia
babylónská rybka%babelfish
babylónský%Babylonian
bác%squab
Bacchus%Bacchus
Bach%Bach
bachař%screw
Bachelor of Engineering Science%BES
bachor%rumen%paunch
báchorka%a tall story
bachratý%squab
bacil%bacilli%bacillus
bacilární%bacillary
baciloformní%bacilliform
bacilonosič%carrier
bacit%bang
Back Of The Envelope%BOTE
Back Of The Envelope Calculation%BOTEC
bačkora%patsy%slipper
bačkory%slippers
backspace%backspace
backspace klávesa%backspace
Backus%Backus
Bacon%Bacon
baculatost%rotundity%buxomness%embonpoint%plumpness%chubbiness
baculatý%tubby%buxom%rotund
bádání%research
Bad Assed Mother F---er%BAMF
bádat%research
badatel%researcher%explorer%scholar
badatelé%researchers%explorers
Baden%Baden
badminton%badminton
badmintonový míček%shuttlecock
Bad Mother F---er%BMF
badyán%badian%chinese anise%star anise
baf%boo
bafání%puff
bafat%puff
baganče%clodhopper
bagatelizace%belittlement
bagatelizoval%belittled
bagatelizovat%trivialize%explain away%downgrade%belittle%play down%pooh-pooh%downplay
Bagavadgita%Bhagavad-Gita
Bagdád%Baghdad
bageta%baguette%baton
Bagley%Bagley
bagr (volejbal)%dig
bagr%excavator
bagrování%dredging
bagrovat%dredge
Bahamy%Bahamas
bahení bagr%mud digger
bahení koupel%mud bath
bahení želva%mud turtle
bahenní%paludal
bahenní plyn%marsh fermentation gas
bahnitý%sludgy%muddy
bahno%mud%scum%ooze%sludge%silt
Bahrajn%Bahrain
Bailey%Bailey
Baird%Baird
báje%myth%saga%legend%fable
báječně%brilliantly%fabulously%heavenly%blissfully
báječné%super
báječnost%wonderfulness
báječný%wonderful%fab%go-go%blissful%fabulous%fantastic%bang-up%swell%lovely%fetching%yummy%tremendous%marvellous%scrumptious%dishy%gogo%splendid%terrific
bájesloví%mythology
bájit%fable
bajka%fable
bajkář%fabulist
bájný%fabulous
bajonet%bayonet
bajt%byte
bakalář%bachelor
bakaláři%bachelors
bakalářský titul (Bc.)%bachelor\'s degree
bakalářství%baccalaureate
bakalaureát%bachelorhood%baccalaureate
bakarat%baccarat
baklažán%eggplant%aubergine
bakšiš%baksheesh
bakteriální%bacillary%bacterial%bacillar
bakteriální buňka%germ cell
bakteriální fotosyntéza%bacterial photosynthesis
bakteriální jed%toxin
bakteriální přípravek%bacterial preparation
baktericid%bactericide
baktericidní%bactericidal
baktérie%bacteria%bacterium
bakterie%germ%germs
bakteriocidní%bactericide
bakteriofág%bacteriophage%phage
bakteriolog%bacteriologist
bakteriologická válka%germ warfare
bakteriologický%bacteriological%bacteriologic
bakteriologie%bacteriology
bakteriolýza%bacteriolysis
bakteriostatický%bacteriostatic
bakteriostatický prostředek%bacteriostatic agent
bakterióza rostlin%plant bacteriosis
bakterotrofní mikroorganismus%bacterotrophic microorganism
Baku%Baku
bál%ball
balada%ballad%ballade
baladické básnictví%balladry
balady%ballads
balalajka%balalaika
balalajky%balalaikas
balamucení%eyewash%flummery
balamutit%hocus-pocus
balancování%balancing
balancovat%balance%teeter%pick spot
balancuje%balances
balast%ballast
baldachýn%baldachin%canopy
baldachýny%canopies
Baldwin%Baldwin
balené%packaged
balené zboží%packaged goods
balení%wrapping%packaging%packing
balení šesti kusů%six-pack
balený%packaged
balerína%ballerina
balet%ballet
baletka%danseuse
baletní%balletic
Balfour%Balfour
Bali%Bali
balí%packs
balič%packer
balíček%packet%deck%parcel%pack%small packet%packet (small)%small parcel
balíček karet%pack of cards
baliči%packers
balicí papír%wrapping paper
balicí stroj%baler
balíčky%packs%packages%packets
balík%packet%parcel%bundle%pack%bumpkin%package
balík ledu%ice pack
balíkovač%packager
balíková pošta%parcel post
balíky%packages%bundles%parcels%bales
balíky kompetitivní spotřeby%competitive consumption bundles
balista%ballista
balistická střela%ballistic missile
balistický%ballistic
balistika%ballistics
balistokardiograf%ballistocardiograph
balit%wrap%infold%pack%wrap up
balkanizace%Balkanization
balkanizovat%Balkanize
balkánské státy%Balkan States
Balkánský poloostrov%Balkan Peninsula
balkón%balcony
balkon%circle%terrace
balkóny%balconies
Ballard%Ballard
Ballistic Missile Defense Organization%BMDO
Ballistic Missile Technology%BMT
balneoekologie%balneoecology
balneologie%balneology
balon%gas-bag%bladder%gasbag%balloon
balonek%breathalyser%balloon
balónek%breathalyzer
balónek pro dechovou zkoušku%breathalyser
balón protiletecké obrany%blimp
balóny%balloons
bál se%was afraid
Balt%Baltic%Baltic Sea
Baltické moře%Baltic Sea
baltický%Baltic
Baltimore%Baltimore
Baltské moře%Baltic Sea
baltský%Baltic
balustr%baluster
balustráda%balustrade
balvan%boulder
balvanitá půda%boulder soil
balvany%boulders
Balzac%Balzac
balzám%balsam%balm
balzamovač%embalmer
balzamovací roztok%embaling fluid
balzamování%embalmment%embalming
balzamovat%embalm
balzámové dřevo%xylobalsamum
balzámový%balsamy%balsamic
balzové dřevo%balsa
balzový strom%balsa
Bamberger%Bamberger
bambule%pom-pom%pompon%bumpkin%bobble
bambus%bamboo
Banach%Banach
banalita%banality%platitude%pablum%pettiness%bromide
banalizoval%trivialised
banálně%banally
banální%trite%gray%banal
banálnost%banality%commonplaceness%triteness
banálnosti%banalities
banán%banana
banánová republika%banana republic
banány%bananas
baňatý%bulbous%squab
Banbury%Banbury
Bancroft%Bancroft
banda%gang%bunch%band%pack
bandalír%bandoleer%baldric
bandáž%banding%shroud
bandážování%shrouding%banding
bandeleta%bandelette%bandelet
bandelír%baldrick
bandikut%bandicoot
bandikut králičí%rabbit-eared bandicoot
bandikut králíkovitý%rabbit bandicoot
bandita%thug%outlaw%badman%gangster%bandit%brigand
banditství%banditry
Bangalore%Bangalore
Bangkok%Bangkok
Bangladéš%Bangladesh
banka%bank
baňka%flask%bulb%balloon
banka údajů%data bank
bankéř%banker
bankéři%bankers
bankéřka%banker
bankéřství%banking
banket%bash%banquet%feast%dinner
bankomat%ATM%cash machine%cashpoint%cash dispenser
bankomatová karta%ATM card
bankopvní převod%bank transfer
bankou ověřený šek%certified check
bankovka%banknote%greenback%bank note%bill%bank-note%note
bankovky%paper money%banknotes
bankovní%banking%bank
bankovní bilance%bank balance sheet
bankovnictví%banking%baking
bankovnictví s olovem%lead banking
bankovní deriváty%bank derivatives
bankovní diskont%bank rate
bankovní hotovost%cash in vault
bankovní jmění%bank assets
bankovní karta%bankcard%bank card
bankovní knížka%passbook
bankovní papír%bond paper
bankovní peníze%bank money
bankovní poplatky%banking charges%bank charges
bankovní produkty%bank products
bankovní sazba%bank rate
bankovní směnka%bank draft
bankovní syndikát /spolek/%bank syndicate
bankovní systém s částečnými rezervami%fractional-reserve banking
Bankovní systém snižování úbytků mokřadů%wetland mitigation banking
bankovní účet%bank account
bankovní záruka%collateral
bankovní závazky%bank debt
bankrot%breakdown%bankruptcy%bankrupt
bankrotář%bankrupt
bankrotování%bankrupting
bankrotovat%go bankrupt
banky%banks
banshee%banshee
báňský%mining
báňský průmysl%mining
bantamka%bantam
bantamová váha%bantamweight
banyán%banyan%banian
baobab%baobab
Baptiste%Baptiste
baptisterium%baptistry
Bar%Bar
bar%bar%café
barák%shanty%cabin%hut%barrack
barakuda%barracuda
Barbados%Barbados
barbar%barbarian
Barbara%Barbara
barbaři%barbarians
barbarizace%barbarization
barbarský%uncultivated%uncivilised%barbarous%barbaric%barbarian%savage
barbarsky%barbarously%barbarically
barbarství%barbarities%barbarity%barbarism%barbarianism
barbekju%bbq = barbeque
barbeta%barbette
barbiturát%barbiturate
Barbora%Barbara
Barbour%Barbour
Barcelona%Barcelona
Barclay%Barclay
bard%bard
barel%canister%barrel
barely%barrels
baret%cap%beret
barevna%dye-house%dyehouse%dye house
barevná fotografie%colour photo
barevná hra%iridescence
barevně%in color
barevné křídy%crayons
barevné sklo%stained glass%stained-glass
barevné vysílání%colorcast
barevnost%variety of colour%colourfulness
barevný%polychrome%colorful%colour%coloured%colored%hued
barevný člověk%nonwhite%non-white
barevný rozptyl%chromatism
barická deprese%baric depression
bariéra (geografie)%barrier
bariéra%hedge
bariéra mezi černými a bílými%Jim Crow
bariéra, ohrada, mantinel%barrier
bariéra vstupu%barrier to entry
bariérový útes%barrier reef
bariery%barriers
barikáda%barricade
barikády%barricades
bárka%barque
bárkař%bargee
barkarola%barcarolle
Barlow%Barlow
Barma%Burma%Myanmar
barman%barkeeper%barman%barkeep
Barmánec%Burmese
barmanka%barmaid
barmanský%Burmese
barmská kočka%Burmese
barmský%Burmese
barmština%Burmese
Barnabáš%Barnaby
Barnard%Barnard
barnatý%baric
Barnes%Barnes
Barnet%Barnet
Barnett%Barnett
Barney%Barney
Barnum%Barnum
barograf%barograph
barokní%baroque
baroko%Baroque
barometr%hypsometer%barometer%weatherglass
barometricky%barometrically
barometrický%barometric%barometrical
barometrický tlak%barometric pressure
baron%baron
baronet%baronet%baronetcy
baroni%barons
baronka%baroness
baronský%baronial
baronství%barony
barová holka%a bar star
barový povaleč%a bar fly
Barr%Barr
Barrett%Barrett
Barrie%Barrie
Barrington%Barrington
Barron%Barron
Barry%Barry
Barstow%Barstow
Bart%Bart
barter%barter
Barth%Barth
Bartholomew%Bartholomew
Bartlett%Bartlett
Bartoloměj%Bartholomew
