jogín%yogin%yogi
jogurt%yoghurt%yogurt%yoghourt
Johanesburg%Johannesburg
Johanka%Joan
Johanka z Arku%Joan of Arc
Johann%Johann
Johannes%Johannes
Johansen%Johansen
Johanson%Johanson
John%John
Johnny%Johnny
Johns%Johns
Johnsen%Johnsen
Johnson%Johnson
Johnston%Johnston
Joint Advance Strike Technology (now JSF)%JAST
Joint Air to Surface Stand-off Missile%JASSM
Joint Army-Navy F--- Up.%JANFU
Joint Chiefs of Staff%JCS
Joint Direct Attack Munition%JDAM
Joint Directors of Laboratories%JDL
Joint Expendable Turbine Engine Concepts%JETEC
Joint Force Air Component Commander%JFACC
Joint Modeling and Simulation System%J-MASS
Joint Multispectral Sensor Program%JMSP
Joint Primary Aircraft Training System%JPATS
Joint Service Electronics Program%JSEP
Joint Simulation System%JSIMS
Joint Standoff Weapon%JSOW
Joint Strike Fighter%JSF
Joint Surveillance and Target Attack Reconnaissance System%JSTARS
Joint Tactical Information Distribution System%JTIDS
Joint Technology Demonstrator Engine%JTDE
Joint Turbine Advanced Gas Generator%JTAGG
joint venture%JV
Joint Warfare Simulation%JWARS
Joint Warfighter Capabilities Assessment%JWICA
Joint Warfighter Interoperability Demonstration%JWID
jojo%yo-yo
jola%yawl
Joliet%Joliet
Jolla%Jolla
Jom Kippur%Yom Kippur
Jonah%Jonah
Jonáš%Jonas
Jonathan%Jonathan
Jones%Jones
Jöns Jakob Berzelius%Berzelius
jónský%Ionian
Jonson%Jonson
Joplin%Joplin
Jordán%Jordan
Jordan%Jordan
jordánsko%jordan
Jorge%Jorge
Jorgensen%Jorgensen
Jorgenson%Jorgenson
Jose%Jose
Josef%Josef%Joseph
Josefa%Josefa
Joseph%Joseph
Josephson%Josephson
Josiah%Maria%Josiah
Jošt%Joyce
jota%iota
joule%joule
Jovanovich%Jovanovich
Jove%Jove
joystick%joystick
Jozka%Josh
Jozue%Joshua
Jsem Právník%IAAL (I Am A Lawyer)
jsem těhotná%rabbit died
jsem v I am%am
JSF/Integrated Subsystem Technology%J/IST
jsi%you are%art%are
jsme%are%we are
jsme si kvit%call it square
jsou%are%they are
jsouc%being
jsoucí%existing%existent%being
jsoucí bez kůže%skinless
jsoucí bez manželky%wifeless
jsoucí bez okraje%rimless
jsoucí bez paží%armless
jsoucí bez rodičů%parentless
jsoucí k dispozici%available
jsoucí na obrazovce%on-screen%onscreen
jsoucí po jídle%postprandial
jsoucí původem%indigenous
jsoucí tabu%unmentionable
jsoucí ve válce%warring
jsoucí v nějakém seznamu%listed
jsoucí v pozadí%upstage
jsoucí v rozporu%antithetical%antithetically
jsoucí z částic%particulate
jsoucno%being
jsoucnost%entity%existence%subsistence
jste%you are%you're%are
Jste zatčen!%You are under arrest!
jů%wow
juan%yuan
Juan%Juan
Juarez%Juarez
jubilejní%anniversary
jubileum%jubilee%anniversary
juchú%yahoo
Judah%Judah
Judd%Judd
Jude%Jude
Judea%Judea
Judit%Judith
Judsko%Judaea%Judea
Judson%Judson
Judy%Judy
Jugoslávec%Yugoslavian
Jugoslávie%Jugoslavia%Yugoslavia
jujuba%jujube
juka%yucca
Jukes%Jukes
Jules%Jules
Jules Verne (1828-1905)%Verne
Julia%Julia
Julian%Julian
Julie%Juliet%Julia
Juliet%Juliet
Julio%Julio
Julius%Julius
July%July
Jun%Jun
junák%youth%scout
June%June
Juneau%Juneau
Junes%Junes
Jung%Jung
junior%junior
junioři%juniors
juniorský%junior
junta%junta
jupí!%whoopee
jupíí!%yippee
Jupiter%Jupiter
Jupiterský%jovian
Jura%Jura
Juraj%Yuri
Juras%Juras
Jurassic%Jura
Jurij%Yuri
Jurij Gagarin%Yuri Gagarin
jurisdikce%jurisdiction
jurisdikční%jurisdictional
jurisprudence%jurisprudence
jurisprudenční%jurisprudential
juristický%jural
jurský%Jurassic
jurta%yurt
Just Another F---ing Observer%JAFO
Just Another F--- Up%JAFU
Just A Second%JAS
Just Been F---ing%JBF
Just For Fun%JFF
Just For Your Information%JFYI
justiční chyby%judicial blunders
Justin%Justin
Just In Case%JIC
Justine%Justine
Just Kidding%J/K
Just My Humble F---ing Opinion Of Course%JMHFOOC
Just My Opinion Of Course%JMOOC
Just Plain Weird%JPW
Just Stark Naked Magic%JSNM
Just Thought You Wanted To Know%JTYWTK
Justus%Rico
juta%jute%burlap
jutová pytlovina%gunny
juvenilní voda%juvenile water
jždění na koni ve volné přírodě%trail riding
k%to%toward%for%towards
K%K
kabala%cabbala%cabala
kabalista%cabalist
kabalistický%cabalistic
kabaret%revue%cabaret%vaudeville%music hall
kabaretní%vaudevillian
kabát%coat%jacket%shroud
kabát do deště%sou\'wester
kabátek%coat
kabáty%coats
kabel%cable
kabela%bag%satchel
kabeláž%cabling
kabelka%bag%handbag%purse
kabelogram%cable%cablegram
kabelová televize%cable television%cable TV
kabelovod%raceway
kabelový%cable
kabelový kanál%trunking
kabely%cords%wires%cables
kabina%booth%cabin%cabana%cab%box
kabina např. lanovky%waggon
kabinet%cabinet
kabinety%cabinets
kabinka%cubicle
kabinka lanové dráhy%cable-car
kabiny%cubicles%cabins%cabs
Kabomba%Cabomba
kabotáž%cabotage
kabriolet%cabriolet%ragtop%convertible
Kábul%Kabul
Kabyl%Kabyle
Kabylština%Kabyle
káča%whirligig%top
kácení%fell%felling
kačenka%quack-quack
Kačenka%Katie
kačenka česká%early morel
kačer%drake
kácet%fell
kachektický%cachectic
kachexie%cachexia%cachexy
kachle%tile
kachna%hoax%duck
kachna (novinářská)%turkey
kachna chocholatá%pochard
kachňátko%duckling
kachny%ducks
kácí%fells
kacíř%schismatic%heretic%miscreant
kacíři%heretics
kacířský%heretical
kacířství%heresy
Kačka%Katie
kač kač%quack-quack
káď%tub%chest%vat%trough
kadaverin%cadaverine
kádě%tubs
kadence%cadence%lilt
kadeř%topknot%frizz%curl%tress
kadeřávek%savoy
kadeřavý%curly%frizzly%frizzy
kadeře%tresses%tress
kadeřnice%coiffeuse%hairdresser
kadeřníci%hairdressers
kadeřnictví%hairdresser's
kadeřník%coiffeur%hairdresser%stylist%hairstylist
kadet%humdinger%cadet
kadidelnice%censer%thurible
kadidlo%incense%olibanum%frankincense
kádinka%beaker
kadmiová žluť%cadmium yellow
kadmium%cadmium
kádr%cadre
kádrový materiál%dossier
kádry%cadres
kafe%joe%java%coffee
kafíčko%nice cup of coffee
káfir%kafir
Kafka%Kafka
kafkovský%Kafkaesque
kafr%kaffir%camphor
kafrat%spiel
kafrový%camphoric
kaftan%caftan%gabardine%gaberdine
kahan%miner's lamp%burner
Káhira%Cairo
Kahn%Kahn
Kain%Cain
kainit%kainite
Kája%Charlie
kajak%kayak
kajenský pepř%cayenne
kající%penitent
kajícně%apologetically%penitently%repentantly%remorsefully
kajícník%penitent
kajícnost%contrition%penitence
kajícný%penitential%conscience-stricken%repentant%penitent%conscience-smitten%remorseful
kajman%cayman%caiman%jacare
kajmanka dravá%snapping turtle
Kajmanské Ostrovy%Cayman Islands
kajuta%cabin
kajuta lodního důstojníka%berth
kakadu%cockatoo
kakání%pupping
kakao%cacao%cocoa
kakaové máslo%cocoa butter
kakaovník%cacao%cocoa%cacao tree
kakaový bob%cacao bean
kakaový tuk%cocoa butter
kakat%poo%do a biggie
kakodyl%cacodyl
kakodylický%cacodylic
kakofonický%cacophonic
kaktus%cactus%cacti
kakuminální%cacuminal
kal%faeces%settlings%sediment%scum%dregs%sludge%feces%bilge water%ooze%dreg%pulp
kala%calla lily%calla
kalabasa%bottle gourd
kalafuna%rosin%colophony
Kalahari%Kalahari
kalamář%inkwell%inkstand
kalamín%calamine
kalamita%calamity
kalamitní škůdce rostlin%mass pest of plants
kalamity%calamities
kalandr%calender
kalandrovaný%calendered
Kalašnikov (útočná zbraň sovietskej výroby)%AK47 = Kalashnikov
kalceolarie%calceolaria
kalciferol%calciferol
kalcinace%calcination
kalcinovat%calcine
kalcit%limestone
kaldera%caldera
Kaledonie%Caledonia
kaleidoskop%kaleidoscope
kaleidoskopicky%kaleidoscopically
kaleidoskopický%kaleidoscopic%kaleidoscopical
kalendář%calendar
kalendáře%calendars
kalendářní měsíc%calendar month
kalendářní rok%calendar year
kalendy%calends
kalený%tempered%hardened%case-hardened
kaleška%calash
kalhotky%pants%panties%knickers
kalhotová sukně%culottes%culotte
kalhotový kostým%pantsuit%trouser suit
kalhoty%slacks%pants%trousers%trunks
kalhoty nad kolena (viz. >breeches<)%britches
Kali%Kali
kalibr%caliber%gauge%calibre
kalibrace%calibration%calibrations
kalibrátor%calibrator
kalibrování%sizing
kalibrovaný%calibrated
kalibrovat%calibrate
kalibrující%calibrating
kalibry%calibers
kalich%calyx%calix%chalice
kalich na hostie%pyx
kalichovitý%calycine%calycinal
kalichy%calyces
kalif%caliph
kalifát%caliphate
Kaliforňan%Californian
Kaliforňanka%Californian
Kalifornie%Calif%California
kalifornium%californium
kalifornský%Calif%Californian%California
kalifové%caliphs
kaligraf%calligrapher
kaligrafista%calligraphist
kaligrafové%calligrapher
kaliko%calico
kalina%viburnum%guelder rose
kalíšek%small glass
kalíšek na vejce%eggcup
kališní lístek%sepal
kalistenický%calisthenic
kalit%harden%temper
kalk%calque
Kalkata%Calcutta
kalkul%calculi
kalkulace%costings%calculations%costing
kalkulačka%calculator
kalkulačky%calculators
kalkulant%calculator
kalkulátor%calculator
kalkulovaně%calculatedly
kalkulovat%calculate
kalkulózní%calculous
kalkuluje%calculates
kalliopé%calliope
kalmar%calamary
kalnost (vody)%turbidity
kalný%bleary%murky%turbid%feculent%thick%dim
kalojem%sludge box
kalolis%sludge filter press
kalomel%calomel
kaloň%flying fox
kalorický%caloric
kalorie%calorie%calories
kalorimetr%calorimeter
kalorimetrický%calorimetric
kalorimetrie%calorimetry
kalová kapacita filtru%filter sludge capacity
kalová laguna%sludge lagoon
kalová nádrž%sludge reservoir
kalová voda%sludge water%supernatant liquor
kalové hospodářství%sludge treatment and disposal
kalové pole%sludge drying bed
kalový%supernatant
kalový plyn%fermentation gas%sewerage gas
kalový prostor%sludge-storage space
kalový strop%floating sludge layer
kalpa%kalpa
kalumet%calumet
kalup%speed
kaluž%pool%puddle
kalvárie%calvary
kalvinismus%Calvinism
kalvinista%Calvinist
kalvinistický%Calvinistic
kalvínský%Calvinist%Calvinistic
kalvínství%Calvinism
kam%where to%whither%where
kamarád%friend%brother%old boy%comrade%mucker%dude%matey%playmate%pal%amigo%boy-friend%messmate%chum%compeer%compadre%fellow%buddy%boyfriend%mate
kamaráde%buddy
kamarádi%mates%pals%comrades
kamarádit%hobnob
kamarádka%friend
kamarád k dopisování%pen pal
kamarádskost%chumminess
kamarádský%comradely%collegial%chummy%chummily
kamarádství%friendship%camaraderie%fellowship
kamarila%camarilla
kamaše%spats%leggings
kam až moje vědomosti sahají%as far as I know%AFAIK
kambium%cambium
Kambodža%Cambodia
Kambodžan%Cambodian
Kambodžanka%Cambodian
kambodžský%Cambodian
kambrium%cambrian
Kamčatka%Kamchatka
kamej%cameo
kamélie%camellia
kamelot%newsboy%camlet%paperboy
kamelotka%papergirl%newsgirl
kámen%stone%calculus
kameňák%killing joke
kamenec%alum
kámének%calculus
kamení%stone
kamenické nůžky%crampon
kamenictví%stonework
kameník%stonemason%mason%carver%stonecutter%hewer
kamenina%stoneware%earthenware
kameninový%earthen
kamenitá půda%stony soil
kamenitě%stonily
kamenitý%stony
kamenivo%aggregate
kamenná dlažba%flagging
kamenná dlaždice%flag
kamenná sůl%halite%rock salt
kamenná tvář%deadpan
kamenná zeď%stone wall%stonewall
kamenné zdivo%stonework
kamennost%stoniness
kamenný%lithic%stoney%stone
kamenný cukr%rock candy
kamenný kvádr%ashlar
kamenný meteorit%aerolite
kamenorytectví%glyptography
kamenotisk%lithography%lithograph
kamenouhelný%carboniferous
kamenování%stoning
kamenovat%lapidate
kamenovat, ukamenovat%stone
kámen úrazu%stumbling block
kameny%stones
kamera%camerawork%camera
kameraman%cameraman%cinematographer
kameramani%cameramen
kameramanka%camerawoman
Kameron%Coty
Kamerun%Cameroon
Kamerunec%Cameroonian
Kamerunka%Cameroonian
kamerunský%Cameroonian
kamery%cameras
kamikadze%kamikaze%Kamikazes
kamikaze%Kamikazes
Kamila%Camilla
kamínek%pebble%stone
kamínka%heater%small stove%stove
kamion%truck%lorry
kamión%camion
kamióny%lorries
kamiony%trucks
kamkoli%anywhere%wherever%wheresoever
kamkoliv%anywhere
kamna%stove
kamnář%stove builder
kámo%dude
kámoš%friend%cobber%mucker
kampak%where then%whereabouts
kampaň%drive%campaign
kampaně%campaigns
kampanila%campanile
kampanologie%campanology
kampusy%campuses
kamufláž%camouflage%cover-up
kamzík%chamois
Kanaán%Canaan
Kanada%Canada
Kanaďan%Canadian%Canuck
Kanaďanka%Canadian
Kanadský%Canada
kanadský%Canadian
kanafas%canvas
kanál%scour%fosse%channel%conduit%sewer%drain%canal
kanálek%canaliculus%fistula%tubule
kanalizace%sewerage%sewers%sewer%plumbing%effluent disposal%canalization
kanalizační%sewer
kanalizační čistírna (vody)%sewerage purification plant
kanalizovat%sewer
kanálová zdrž%channel detention
kanály%channels%sewers%canals
Kananejec%Canaanite
kanape%sofa
kanár%canary
kanárek%canary%canary bird
kanáři%canaries
kanárkově oranžový%canary orange
kanárkově žlutý%canary yellow
Kanárské ostrovy%Canary Islands
kanasta%canasta
kancelář%office%bureaux%chamber%bureau%agency
kanceláře%offices
kancelářská práce%paperwork
kancelářské potřeby%stationery
kancelářský%office%white-collar%secretarial
kancelářský audit%desk audit
kancelářský nábytek%office furniture
kancléř%Chancellor
Kancléřský soud%Chancery
kancléřství%chancery%chancellery%chancellorship
kandela%candela%candle
kandelábr%candelabra%streetlight
kandidát%qualifier%candidate%nominee%aspirant
kandidáti%qualifiers%candidates%applicants
kandidátka%candidate
kandidát na uveřejnění%rc
kandidatura%candidature%candidacy
kandidovat na ...%run for office
kandidovat za%run for
kandovaný%candied
káně%buzzard
Kane%Kane
kanec%boar%stud%razorback
kanibal%cannibal%man-eater
kanibalismus%cannibalism%anthropophagy
kanibalové%cannibals
kanibalský%man-eating%cannibalistic%cannibalic%anthropophagous
kanibalství%man-eating
kanikulární%canicular
kaňka%splotch%blot
kankán%cancan
Kano%Kano
kánoe%canoes%canoe
kanoista%canoeist
kanoistika%canoeing
kánoje%canoes
kanon%crackerjack%canon%hotshot
kaňon%canyon
kanonáda%shelling%cannonade
kanonické právo%canon law
kanonicky%canonically
kanonický%canonic%canonical%canon
kanonický věk%canonical age
kanonikát%canonry
kanonizace%canonization%canonisation
kanonizoval%canonized
kanonizovat%canonize
kaňony%canyons
kánony%canons
kanonýr%cannoneer
kanovnictví%canonry
kanovník%canon
Kansas%Kansas City%Kansas
Kant%Kant
kantáta%cantata
kanton%canton
kantonální%cantonal
kantonování%cantonment
Kantonské nářečí%Cantonese
Kantonský%Cantonese
kantony%cantons
kantor%cantor
kantoři%cantors
kantýna%canteen
kanyla%cannula
kanýr%frill
kanystr%canister%jerrican%jerrycan%can
kaolín%kaoline%kaolin
kapacita%volume%capacity
kapacita koryta toku%water course capacity
kapacita krajiny%landscape capacity
kapacitance%capacitance
kapacita únosnosti ekosystému%carrying capacity.
kapacita úpravny vody%water treatment plant capacity
kapacita vlaku%trainload
kapacita závodu%plant capacity
kapacitní%capacitive
kapacitní odpor%capacitance
kapacity%capacities
kapal%dribbled
kapalina%liquid%fluid
kapaliny%liquids
kapalnost%liquefaction
kapalný%liquid
kapalný radioaktivní odpad%liquid radioactive waste
kapání%dripping
kaparovník%caper
kapat%weep%dribble
kapátko%dropper
kapavka%gonorrhoea
kápě%cowl
kapela%group%band
kapelka%cupel
kapelník%band-master%bandmaster%front man%bandleader
kapely%bands
kapesné%pocket-money%allowance%spending money%pocket money
kapesní%vest-pocket%pocket%vest pocket%pocket-size
kapesník%handkerchief%hanky%hankie
kapesní kalendář%diary
kapesní kalkulačka%pocket calculator
kapesníky%handkerchiefs
kapesní láhev%hip flask
kapesní nože%penknives
kapesní nůž%pocketknife%penknife%pocket-knife%pocket knife
kapesní počítač%PDA (Personal Digital Assistant)
kapesní slovník%pocket dictionary
kapesní svítilna%flashlight%torch
kapesní vydání%pocket edition
kapesní zloděj%cutpurse%pickpocket
kapička%globule%glob%droplet
kapička rosy%dewdrop
kapilára%capillary
kapilarita%capillarity
kapilární%capillary
kapilární pásmo (půdní voda)%capillary zone
kapilární voda%capillary water
kapilární vzlínání%capillary elevation
kapitál%capital
kapitalismus%capitalism
kapitalista%capitalist
kapitalisté%capitalists
kapitalisticky%capitalistically
kapitalistický%capitalist%capitalistic
kapitalizace%capitalizations%capitalisation%capitalization
kapitalizoval%capitalised
kapitalizování%capitalising
kapitalizovaný%capitalised%capitalized
kapitalizovat%capitalise%capitalize
kapitálky%caps
kapitálová daň /odvod/%capital levy
kapitálová rezerva%surplus
kapitálová ztráta%capital loss
kapitálové prohlubování%capital deepening
kapitálové statky%capital goods
kapitálové účty%capital accounts
kapitálové výdaje%capital expenditures
kapitálové zboží%capital goods
kapitálový převod%capital transfer
kapitálový trh%capital markets%capital market
kapitálový účet%capital account
kapitálový výdaj%capital outlay
kapitálový zisk%capital gains
kapitály%capitals
kapitán%Capt.%captain%skipper
kapitáni%captains
kapitánství%captainship%captaincy
Kapitol%Capitol
kapitola%head%chapter
kapitoly%chapters
kapitulace%climb-down%capitulation
kapitulární%capitular
kapituloval%capitulated
kapitulovat%climb down%capitulate%surrender%surrenders
kapka%blob%drop%droplet%drip%dash%bead
kapková eroze%drop erosion
kapková závlaha%drop irrigation%drip irrigation
kapku nudný%a little bit boring
kapky%drips%drops%blobs
kaplan%chaplain%padre%curate
Kaplan%Kaplan
kaplanství%chaplaincy
kaple%chapel
kapličky%chapels
kapok%kapok
kapokový strom%kapok
kapota%hood%bonnet%cowling
kapota motoru%bonnet
kapoun%capon
kapounovat%caponize
kappa%kappa
kapr%carp
kapraď%buckler fern
kapradí%bracken%fern
kapradina%fern
kapradinový%ferny
kaprál%corporal%taskmaster
kapriola%capriole
kapsa%pocket
kapsář%cutpurse%pickpocket
kapsářský%light-fingered
kapsička na hodinky%fob
Kapské Město%Cape Town
kapsle%capsule
kapsy%pockets
kapuce%hood%hoods
kapucín%capuchin
kapučíno%cappuccino
kapusta%cole%borecole%savoy cabbage%kale%cabbage%chou
kapusta bez srdíčka%colewort
kapustňák%manatee
kapusty%cabbages
kapybara%capybara
kar%cirque%corrie
kára%pushcart%push-cart%trolley%tumbrel%handcart%tumbril%cart
karabiniér%carabinieri%carabineer
karabinka%karabiner
Karáčí%Karachi
karafa%cruet%decanter%carafe%flagon
karafiát%carnation%gillyflower
karagén%carragheen
karakal%caracal
karakul%karakul%caracul
káral%reproved%castigated
karambol%carom
karamel%caramel%burnt sugar
karamela%toffee%taffy
karamelizovat%caramelize
karamelový%butterscotch
kárání%chastisement%rebuke%harangue%objurgation
karanténa%quarantine
karanténa rostlin%plant quarantine
karantény%quarantines
karaoke%karaoke
karas%silverfish
kárat%rebuke%chasten%reprehend%upbraid%harangue%castigate%objurgate%reprove%brush down%animadvert
karát%carat%karat
karate%karate
karavan%camper%tourer%caravan
karavana%caravan
karavana vozů%wagon train
karavanní stanice%caravanserai
karavanseráj%caravanserai
káravě%reprovingly%reproachfully
karavela%caravel
káravý%reproachful%reproving%censuring
karbamid%carbamide
karbanátek%meatball%meatloaf%hamburger%beefburger
karbanátky%burgers
karbaník%gamester
karbid%carbide
karbid křemičitý%carborundum
karbohydráty%carbohydrates
karbolový%carbolic
karbon%Carboniferous%cinder
karbonizace%carbonation%carbonization%carbonizing
karbonizace (vody)%carbonization
karbonizoval%carbonized
karbonizovat%carbonise%carbonize
karbonyl%carbonyl
karbonylchlorid%carbonyl chloride
karborundum%Carborundum
karboxyl%carboxyl
karboxylát%carboxylate
karbunkl%carbuncle
karbunkulózní%carbuncled
karburátor%carburetter%carburettor%carburetor
karcinogen%carcinogen
karcinogeneze%carcinogenesis
karcinogenní%carcinogenic
karcinogenní látka%carcinogenic substance
karcinom%carcinoma
kardamom%cardamom
kardamon%cardamum%cardamon
kardanový závěs%gimbals
kardanův kloub%universal joint
kardie%cardia
kardinál%cardinal
kardinální číslo%cardinal number%cardinality
kardinální měření%cardinal measurement
kardinálská hodnost%cardinalate
kardinálský úřad%cardinalate
kardiograf%cardiograph
kardiografie%cardiography
kardiogram%cardiogram
kardioida%cardioid
kardiolog%cardiologist
kardiologie%cardiology
kardiomegalie%cardiomegaly
kardiopulmonární%cardiopulmonary
kardiostimulátor%pacemaker
kardiovaskulární%cardiovascular
karditis%carditis
Karel%Charles%Karel%Carl
Karel Veliký%Charlemagne
Karen%Karen
kari%curries%curry
Karibské moře%Caribbean%Caribbean Sea
karibský%Caribbean
karibu%caribou
kariéra%career
kariérismus%careerism
kariérista%go-getter%careerist
kariérizmus%careerism
kariery%careers
karikatura%grotesque%cartoon%caricature
karikaturista%caricaturist%cartoonist
karikaturizace%caricaturisation%caricaturization
karikatury%caricatures
kari koření%curry
karikovat%mock%caricature
karimatka%groundsheet
Karl%Karl
Karla%Carla%Carolina
Karlovy Vary%Carlsbad
karma%karma
Karmel%Carmel
karmelitán%Carmelite
karmelitánka%Carmelite
karmelitánský%Carmelite
Karmen%Carmen
karmický%karmic
karmín%cochineal%carmine
karmínový%carmine
karnauba%carnauba
karneol%carnelian%cornelian
karneval%carnival
karnevalový%carny
karnevaly%carnivals
karnifikovat%carnify
karnivor%carnivore
kárný%punitive
karnýr%furbelow
káro%diamond
Karol%Karol
Karolína%Caroline%Carolina
karoserie%body%car bodywork%bodywork
karoten%carotin%carotene
karotenoid%carotenoid
karotický%carotid
karotka%carrot
karotkově červený%carroty
Karp%Karp
karpatský%Carpathian
Karpaty%Carpathian Mountains%Carpathians
karta (žlutá)%booking
karta%card
kartáč%brush
kartáče%brushes
kartáček%brush%smaller brush
kartáček na nehty%nail brush%nailbrush
kartáček na zuby%toothbrush
kartáč na vlasy%hairbrush
kartáčování%brushing%brush%scrubbing
kartáčovaný%brushed
kartáčová střela%grapeshot
kartáčovat%brush
kartáčovitý%brushy
Kartágo%Carthage
karta krále%face card
karta královny nebo žolíka%face card
kartel%cartel
Kartezián%Cartesian
karteziánský%Cartesian
kartézský součin%Cartesian product
kartograf%mapper%cartographer%mapmaker
kartografický%cartographical%cartographic
kartografie%cartography
kartón%carton
karton%cardboard
kartónový papír%pasteboard
kartony%cartons
kartotéční lístek%index card
kartotéka%cabinet
Kartouzský%Carthusian
kartuš%cartouche
kartuzián%Carthusian
kartuziánský%Carthusian
karty%cards
karunkula%caruncle
karusel%carrousel
karyatida%caryatid
karyoplazma%karyoplasm
kasař%yegg%cracksman%safecracker%safebreaker
kasárna%casern%barrack
kasárny%barracks
kasava%cassava
kaše%porridge%mash%puree%pulp%gruel%mush%potato puree%pap
kasein%casein
kašel%cough
kaseózní%caseous
kaše z dostupných věcí%mulligan stew%mulligan
kaše z pohanky%kasha
kašička%pap
kasička%piggy-bank
kasie%cassia
kasino%casino%cassino
kasiterit%cassiterite
kaskáda%cascade
kaskáda (hydrosystém)%cascade
kaskadér%stunt man%stuntman
kaskadérka%stunt woman
kaskadérský kousek%stunt
kaskádová rybniční soustava%cascade pond system
kaskádové řazení%cascading
kašlal%coughed
kašlání%coughing%cough
kašlat%sputter%cough
kašlat na něco%bugger
kašle%coughs
kašmír%cashmere%paisley
kašna%water fountain%fountain
kašovitost%mushiness
kašovitý%pappy%mushy%pasty%pulpy
kasovní%box-office
kašpar%clown%zany
Kašpar%Casper
Kaspické moře%Caspian Sea
kaspický%Caspian
kasta%caste
kaštan%conker%chestnuts%chestnut
kastaněty%castanets%castanet
kaštanově hnědý%maroon
kaštanový%chestnut
kastelánka%chatelaine
kastrace%castration
kastrát%castrato%eunuch
kastrol%pan%casserole
kastrovaný%castrated
kastrovat%spay%neuter%castrate
kasuista%casuist
kasuistický%casuistical
kat%executioner%headsman%hangman%racker
Káťa%Katie
katabatický%katabatic
katabióza%catabiosis
katabolický%katabolic%catabolic
katabolismus%katabolism%catabolism
katachrestický%catachrestical%catachrestic
katáčovat%brush
katafalk%catafalque
kataforéza%cataphoresis
kataklyzma%cataclysm
kataklyzmatický%cataclysmic%cataclysmal
katakomby%catacombs%catacomb
Katalánec%Catalan
Katalánsko%Catalonia
katalánský%Catalan
kataláza%catalase
katalepsie%catalepsy
kataleptický%cataleptic
katalestický%catalectic
katalog%catalog%catalogue%list
katalogizátor%lister
katalogizování%cataloguing
katalogizovaný%catalogued
katalogizovat%catalogue
katalogizující osoba%cataloguer
katalog odpadů%catalogue of wastes
katalogy%catalogues
katalpa%catalpa
katalytický%catalytic
katalýza%catalysis%catalyze
katalyzátor%catalyst
katalyzátory%catalysts
katalyzovaný%catalysed
katalyzovat%catalyze
katamarán%catamaran
katamenie%catamenia
kataplazma%cataplasm
katapult%catapult
katapultoval%ejected
katapultovat%catapult
Katar%Qatar
katar%catarrh
katarální%catarrhal
katarobie%catarobic organism
katarobita%catarobity
katarze%catharsis
katastr%register%cadastre%cadaster
katastrální%cadastral
katastrální plocha%land-registered area
katastrofa%disaster%catastrophe%fatality%debacle%havoc
katastrofálně%disastrously
katastrofální%disastrous
katastroficky%catastrophically
katastrofický%catastrophic
katastrofy%disasters%catastrophes
katatonie%catatonia
katé%hangmen
katecheta%catechist
katechetický%catechismal%catechetic%catechistic%catechetical
katechismus%catechism
katechizmus%catechism
katechizovat%catechize
katechumen%catechumen
katedra%institute%department
katedrála%duomo%cathedral%minster
katedrální%cathedral
katedrály%cathedrals
katedry%departments
kategoriální%categorial
