mačkal%clutched
mačkání%creasing
mačkat%squeeze%mash%wring%crease
mačkati%wring
mačkavý%crushable
Mackey%Mackey
mačky%crampon
Macon%Macon
Mad About You, Baby%MAYB
Madagaskar%Madagascar
madam%madam%ma'am
Maďar%Magyar%Hungarian
Maďarka%Hungarian
Maďarsko%Hungary
maďarsky%Hungarian
maďarský%Magyar
maďarština%Magyar%Hungarian language
Maďarština%Hungarian
Maddox%Maddox
Madeira%Madeira
mademoiselle%French for Miss
Madison%Madison
madlo%grip%handrail
madona%madonna
Madonna%Madonna
Madrid%Madrid
madrigalista%madrigalist
Madsen%Madsen
Mae%Mae
mafián%mafiosi%mafioso
mafie%maffia%mafia
mág%wizard%magus%illusionist
magazín%magazine%periodical
magazíny%journals%magazines
Magda%Magdalene%Magdalen%Magda
Maggie%Maggie
magická energie%mana
magická schopnost%magical ability
magická síla%magical power
magické číslo%magic number
magické oko%magic eye
magické praktiky%thaumaturgy
magický%magic%theurgic%magical
magie%magic%wizardry%sorcery
Magill%Magill
magistrát%town council%town-council%municipality%municipal council
magma%magma%liquid rock
magmatická diferenciace%magma differentiation
magmatický%magmatic%igneous
magnát%tycoon%magnate%baron%mogul
magnet%magnet%lodestone
magnetická bouře%magnetic storm
magnetická hlava%magnetic head
magnetická indukce%magnetic induction
magnetická mina%magnetic mine
magnetická páska%magnetic tape
magnetická přitažlivost%magnetic attraction
magnetická rezonance%magnetic resonance
magnetická síla%magnetic force
magnetická siločára%magnetic line of force
magnetická střelka%magnetic needle
magnetické jádro%magnetic core
magnetické médium%magnetic storage medium%magnetic medium%magnetic storage
magnetické pole%magnetic field
magneticky%magnetically
magnetický%magnetic
magnetický dipól%magnetic dipole
magnetický disk%magnetic disc%magnetic disk
magnetický kompas%magnetic compass
magnetický monopól%magnetic monopole
magnetický pásek%magnetic stripe
magnetický pól%magnetic pole
magnetický rovník%magnetic equator
magnetický severní pól%magnetic north
magnetismus%magnetisms%magnetism
magnetizace%magnetisation%magnetization
magnetizovat%magnetize
magnetofon%tape recorder%tape-recorder%recorder
magnetofonová nahrávka%tape-record%tape record
magnetofonová páska%tape
magnetohydrodynamický%magnetohydrodynamical
magnetometr%magnetometer
magneton%magneton
magnetosféra%magnetosphere
magnetovatelný%magnetizable
magnetovec%magnetite%lodestone
magnetron%magnetron
magnety%magnets
magnezie%magnesia
magnezit%magnesite
magnituda%magnitude
magnolie%magnolia
Magnuson%Magnuson
magor%smeghead
mágové%magi
Magruder%Magruder
Maguire%Maguire
Magyar%Magyar
mahagon%mahogany
maharádža%maharajah%maharaja
mahárání%maharani%maharanee
mahátma%mahatma
mahjong%mahjong
mah-jongg%mah-jongg
Mahler%Mahler
Mahoney%Mahoney
Maier%Maier
mailování%emailing
mailovat%e-mail
mailuje%mails
maily%mails
Maine%Maine
Mainer%Mainer
mainframe%mainframe computer
Maj%Maj
máj%May
maják%lighthouse%pharos%beacon
majáková loď%lightship
majáky%beacons
majestát%royalty%majesty
majestátnost%majesty
majetek%estate%substance%possession%effect%wealth%belongings%assets%fortune%asset%property
majetek komunity%community property
majetková daň%property tax
majetková hodnota%asset
majetková záruka%collateral
majetkový%possessive
majetkový převod%transfer of property
majetkový rozvoj%property development
majetky%possessions
majetnější%wealthier
majetnický%proprietary
majetnicky%possessively
majetný%moneyed%wealthy%rich%propertied%monied
mají%they have
majíce%having
majíce vliv na zaměstnání%vocationally
mající%fraught%having
mající atribut%attributed
mající averzi%averse
mající bohatou invenci%inventive
mající bolavé nohy%footsore
mající čelisti%jawed
mající cizí pomoc%aided%helped
mající čtyři kola%four-wheel
mající dostatečnou hodnotu%meriting
mající drápy%clawed
mající dvě jádra%binuclear
mající dvě proměnné%bivariate
mající dvě tváře%two-faced
mající hlízu%bulbed
mající hřívu%maned
mající jádro%nucleated
mající jasnou hlavu%clearheaded%clear-headed
mající jednu lasturu%univalve
mající jen nejnutnější%bare bones
mající jistý krok%unhesitating
mající karcinogenní vliv%oncogene
mající kocovinu%hung-over%hungover
mající krátké nohy%breviped
mající křivky%curvy
mající krk%necked
mající lidskou posádku%manned
mající listy%leafed%leaved
mající malou bradu%chinless
mající mandlové oči%almond-eyed
mající menší význam%minor
mající nárok%entitled
mající nedostatek pracovních sil%short-handed
mající nelegální obsah%xxx
mající novou vlastnost%featuring
mající ohlašovací povinnost%notifiable
mající plíce%pulmonary
mající ploché nohy%flat-footed
mající plovací blánu%web-toed
mající plovací blány%web-footed
mající právo hlasovat první%prerogative
mající předkupní právo%preemptive
mající přednost%prior
mající přilbu%helmeted
mající řídké zuby%gap-toothed
mající růžové brýle%starry-eyed
mající šarm%graceful
mající sebeúctu%self-respectful
mající semena%seminal
mající skleněné oko%glassy-eyed
mající sklon%prone
mající smysl pro krásu%aesthetic
mající společná ohniska%confocal
mající spoluvinu%complicit
mající stejné předky%german
mající štěstí%fortunate
mající styky%well-connected
mající svislé uši%lop-eared
mající tendenci kýchnout%sneezy
mající třesavku%palsied
mající určité hony%legged
mající určité oči%eyed
mající určité vlasy%haired
mající určitou cenu%priced
mající určitou pleť%skinned
mající určitou velikost%sized
mající velkou výdrž%heavy-duty
mající vhled do problému (chápající podstatu věci)%insightful
mající vosí pas%wasp-waisted
mající vrcholky%peaky
mající vředy%ulcerated
mající vypoulené oči%bugeyed%bug-eyed
mající výsady%prerogative
mající vysoké rozlišení%high-resolution
mající vyvalené oči%goggle-eyed
mající vzájemný vztah%interrelated
mající záhlaví%headed
mající zákruty%twisty
mající závrať%light-headed%giddy%dizzy
mající znak%attributed
mající zrak jako rys%lynx-eyed
majitel%owner%holder%possessor%proprietary
majitel dluhopisu%bondholder
majitel domu%householder
majitelé%owners%proprietary
majitelé obchodů%shopkeepers
majitele účtu%direct debit
majitelka%proprietress
majitel konzervárny%packer
majitel obchodu%shopkeeper
majitel patentu%patenter
majitel půdy%landowner%landowners
majitel půjčovny loděk%boatman
majitelský%proprietary
majitel zastavárny%pawnbroker
májka%maypole
majlant%mint
majolika%maiolica%majolica
majonéza%mayonnaise
major%major
majoránka%marjoram
Major Command%MAJCOM
majordom%seneschal
majorita%majority
majorita akcií%controlling interest
majoritní%major
majoritní akcionářství%majority shareholding
majorkvadrát%major quadrat
majorové%majors
májový%may
Majuro%Majuro
mák%poppy seed%poppy
makadam%macadam%blacktop
makak%macaque
makarónek%macaroon
makaronský%macaronic
makaróny%macaroni
Makedonie%Macedonia
Makedonský%Macedonian
Make It Look Good%MILG
make/made/made%made%make
maketa%dummy
makety%dummies
makléř%market maker%broker%stockbroker
makléři%brokers
makléřská provize%brokerage fee
makléřství%brokerage%stockbroking
makovice%poppyhead%poppy head
makra%macros
makrela%mackerel
makro%macro
makrobiotická dieta%macrobiotic diet
makrobiotický%macrobiotic
makrobiotika%macrobiotics
makrocefalický%macrocephalic
makrocefalie%macrocephaly%macrencephaly
makrodisperze%macrodispersion
makroekonomický%macroeconomic
makroekonomický expert%macroeconomic expert
makroekonomie%macro-economics%macroeconomics
makroekonomie racionálních očekávání%Rational Expectations Macroeconomics (REM).
makroekonomika%macroeconomics
makrofág%macrophage
makroflóra%macroflora
makrofyt%macrophyte
makroglosie%macroglossia
makrokosmos%macrocosm
makromolekula%macromolecule
makromolekulární%macromolecular
makromolekuly%macromolecules
makrónek%macaroon
makronutrient%macronutrient
makroskopické%macroscopic
makroskopický%macroscopic
makroskopicky%macroscopically
makrovegetace%macrovegetation
malá%dinky
Malá Asie%Asia Minor
malá část%a drop in the bucket
malachit%malachite
malá chyba%slip-up
malá čtivost%unreadability
malá jazzová skupina%combo
Malajec%Malay
Malajsie%Malaysia
malajská dýka%kris
Malajsko%Malaya
malajský%Malay
malá kamna%caboose
malá liška s velkýma ušima%fennec
Malá Medvědice%Ursa Minor
Malamud%Malamud
malá muška%no-see-um
malamut%malamute
malá neztužená vzducholoď%blimp
malá odloučená místnost%cubbyhole
malá písmena%lower-case%lower case
malá plachetnice%sailboard
malá porota%petit jury
malarický%paludal%malarial
malárie%malaria%pus
malá role%walk-on
malá ryba%small potatoes
malá šance%a slim chance
malá šance na výhru%a long shot
malá skupina odpůrců%a pocket of resistance
malá slavnost%party
malá sonáta%sonatina
malá štika%pickerel
Malá Strana%Lesser Town of Prague
malátnost%swoon%torpidity%languor%slackness%malaise%weariness%lassitude
malátný%torpid%slack%languorous%languid
malá vodní elektrárna%small hydro
malá výřečnost%inarticulacy
malá vysílačka%walky-talky%walkie-talkie
Malawi%Malawi
Malay%Malay
malá zaměstnanost%underemployment
malba%painting%paintwork%brushwork%picture
malba na těle%bodypaint
malba prstem%finger painting
malby%paintings
Malcolm%Malcolm
Malcolm X, vlastním jménem Malcolm Little (1925-1965)%Malcolm X
Malden%Malden
malebně%picturesquely
malebnější%quainter
malebnost%picturesqueness
malebný%picturesque
malé dítě%tot%a babe in arms%baby%yearling%kiddy
Maledivy%Maldives
malé dodávkové auto%panel truck
malé letiště%flying field
málem%almost%nearly
málem něco udělat%come near
malé množství%a hill of beans%paucity
malé množství tekutiny%tot
Male Or Female%MORF
malé peníze%a paltry sum
malé pivo%half-pint
malé podnikání%small-scale enterprise
malé přístavy%marinas
malér%tough luck%mishap
malé španělské jídlo%tapas
malé vápno%goalmouth
malé vědro%noggin
malé zalidnění%underpopulation
malé zavazadlo%valise
Mali%Mali
malíček%pinkie%pinky%little finger
malíček u nohy%little toe
malicherně%narrow-mindedly
malichernost%quiddity%fiddle-faddle%narrow-mindedness
malicherný%small%pettifogging%peddling%petty%narrow-minded%fussy%quibbling%piffling
maličko%whit%modicum%a little bit
maličkost%tininess%little thing%bagatelle%detail%fiddlestick%trifle%kickshaw%penny
maličkosti%trivia%odds and ends%fiddle-faddle%trifles
maličký%small%dwarfish%tiny little%miniscule%puny%diminutive%dinky%tiny%teensy-weensy%little%itty-bitty
maligní%malign%malignant
malina%raspberry
malinkatý%bitty%fiddling%teeny%slim
malinký%tiny%teeny-weeny%teeny%tiddly
malinový%raspberry
maliny%raspberries
malíř%painter%decorator
malíři%painters
malíř nástěnných maleb%muralist
malířský akt%nudity
malířství%painting
Mallory%Mallory
malnutrice%malnourishment
málo%little%lack%hypo%few
malobankovnictví (pro drobnou klientelu)%retail banking
málokdo%few people
málokdy%rarely
maloměšťácký%bourgeois
maloměsto%small town%small-town
málomluvnost%laconicism%laconism
málomluvný%tongue-tied
málomluvný člověk%a man of few words
malomocenství%leprosy
malomocní%lepers
malomocný%leper%lazar%leprous
malomyslnost%megrims
Malone%Malone
Maloney%Maloney
maloobchod%retail%resale%retail store
maloobchodní%retail
maloobchodník%storekeeper%retailer%tradesman
maloobchodní odbytiště%retail outlet
maloobchodní podnikání%retailing
maloobchody%retails
maloodpadová technologie%little-waste technology
málo placený%underpaid
maloplodný pomeranč%cumquat
Malopolsko%Little Poland
Malorka%Majorca
malorolník%smallholder
málo slibný%unpromising
malost%smallness%littleness
malování%decorating%painting
malování na tělo%bodypaint
malovaný%painted
malovat%paint%draw
málo vnímavý%unreceptive
málo vzdělaný%undereducate
malta%mortar
Malta%Malta
Maltese%Maltese
Maltézský%Maltese
Malthusova populační past%Malthusian Population Trap.
Malton%Malton
maltóza%maltose
Maltský%Maltese
maluje%paints
malý%small%undersized%petty%undersize%pony%short%tiny%itsy-bitsy%little%daintily%itty-bitty
malý a nedůležitý%one-horse
malý a tlustý%squab
malý automobil%minicar
malý batoh%musette bag%musette
malý buben%bongo
malý chrt%whippet
malý dalekohled%spyglass
malý doušek%sip
malý hřebík%brad
malý investor%small investor
malý kazetový přehrávač%Walkman
malý klokan%joey
malý ledovec%growler
malý les%wood
malými písmeny%lower case%lowercase
malý motocykl%minibike
malý mozek%cerebellum
malý náznak děkování%a token gesture
malý pivovar%microbrewery
malý plat%underpayment
malý počet%paucity
malý podnik%small business
malý pozemek%plat
malý příliv%neap%neap tide
malý proud%rivulet
malý prsní sval%pectoralis minor
malý puchýř%vesicle
malý stolek, vedle gauče nebo křesla   %end table
malý tank%whippet
malý tuňák%albacore
malý ubrus%teacloth
malý zelený brouk%Japanese beetle
máma%mommy%momma%mum%mamma%mommie%mammy%ma%mama
mamba%mamba
mambo%mambo
mám dojem%methinks
máme%we have
máme (zkrácené we have)%we\'ve
mámení%delusion%delusions
mám hodně práce%busy
mami%ma%mamm
maminčin mazánek%mama's boy
maminka%mom%mummy%ma
maminky%mammas%moms
mamka%mum
mamografie%mammography
mamogram%mammogram
mamon%moneygrubbing%mammon%pelf%money-grubbing
mám pocit%seem
mamrd%motherfucker
mám tě!%gotcha
mamut%mammoth
mamutí%mammoth
Mana%Mana
management%board of management%management
(Power) Management And Distribution System for the More Electric aircraft%MADMEL
Man and the Biosphere Programme MAB%Man and the Biosphere Programme
maňásek%puppet
manažer%business manager%manager
manažer dávající výpovědi%axeman
manažer hráčů%player-manager
manažeři%managers
manažerka%business manager%manager
manažersky%managerially
manažerský%managerial%manager
Manchester%Manchester
mandarinka%mandarin%tangerine%mandarin orange%satsuma
mandarinkovník%mandarin orange tree
mandát%mandate
mandatář%mandatary
mandátní%mandatory
mandáty%mandates
Mandelbrot%Mandelbrot
mandelinka%colorado beetle
mandibulární%mandibular
mandiok%mandioca
mandl%mangle
mandle%almonds%tonsil%almond
mandloň%almond
mandlování%mangling
mandlovat%mangle%press
mandlovitý%amygdaloidal%almond-shaped
mandlový%amygdaloid
mandlový zákusek%amaretto%macaroon
mandly%mangles
mandolína%mandolin
mandolínový%mandolin
mandragora%mandrake
Mandrake%Mandrake
mandril%mandrill
Mandy%Mandy
manekýn%mannequin
manekýnka%mannequin%model
manévr (k získání výhody)%ploy
manévr%move%gambit%stroke%manoeuvre%maneuver
manévrování%manoeuvring%maneuvering
manévrovaný%maneuvered
manévrovatelnost%maneuverability%manoeuvrability
manévrovatelný%manoeuvrable%maneuverable
manévruje%manoeuvres
manévry%manoeuvres%maneuvers%field day
manéž%manege%circus
Manfred%Manfred
manga%mangoes
mangan%manganese
manganan%manganate
manganistan%permanganate
manganitan%manganite
mangle%mangrove
mango%mango
mangold%mangold-wurzel%chard
mangróvie%mangrove
mangusta indická%mongoose
Manhattan%Manhattan
maniak%maniac
maniakální%manic
maníci%chaps
mánie%mania%frenzy
manifest%manifest%manifesto
manifestace%rally%rallies
manifestační opuštění%walkout
manifesty%manifests
maník%fella%guv%fellow
manikér%manicurist%manicure
manikérka%manicure
manikúra%manicure
manikúry%manicures
manila%manila
manilový%manila
manilské konopí%abaca
manio-depresivní%manic depressive%manic-depressive
maniok%cassava%manioc
manipulace%manipulations%handing%manipulation%handling
manipulace voleb%gerrymander
manipulační poplatek%handling charge%service charge
manipulant%handler
manipulátor%manipulator
manipulátoři%handlers
manipulátory%manipulators
manipulovaný%manipulated%handled
manipulovat%rig%handle%manipulate
manipulovatelnost%manipulability
manipulovatelný%manipulatable%manipulable
manipuluje%handles
manipulující%manipulatory%manipulative
manka%deficiencies
manko%shortage%deficiency
Mankowski%Mankowski
Manley%Manley
Mann%Mann
mannerista%mannerist
manometr%gauge%manometer
manometry%manometers
Mans%Mans
mansarda%mansard%garret
mansardová střecha%mansard roof%gambrel roof
manšestr%fustian%corduroy
manšestrové kalhoty%corduroy trousers%corduroys
Mansfield%Mansfield
manský%Manx
manština%Manx
manta%devilfish
mantinel%rail%barrier%cushion
mantisa%mantissa
mantisy%mantissas
mantra%mantra
manuál%manual
manuálně%manually
manuálně ovládaný%hand-operated
manuální%manual
manuály%manuals
Manuel%Manuel
Manufacturing Technology%ManTech
manufaktura%manufacture%manufactory%sweatshop
Manville%Manville
manýra%mannerism%manner%quirk
manžel%spouse%man%better half%husband
manželé%married couple%couple%spouses%husbands
manželka%spouse%woman%wife%better half
manželka hindského krále%rani%ranee
manželka radžy%rani
manželka rádžy%ranee
manželka za peníze%a kept woman
manželky%wives
manželská postel%double bed
manželský%marital%connubial%matrimonial%conjugal
manželsky%matrimonially
manželský svazek%union
manželství%marriage%matrimony%wedlock%marriages
manžeta%cuff%ruff
manžetové knoflíky%cuff links
manžety%cuffs
Mao%Mao
mapa%map
mapa barev%colormap
má pohlavní styk - slangově%fucks
mapování%survey%mappings
mapovat%map out%survey%plot
mapovatelný%mappable
mapující%mapping
mapy%maps
marabu%marabout%marabou
marabut%marabout
má rád%likes%loves
má ráda%likes%loves
maranta třtinová%arrowroot
maraskino%maraschino
maratón%marathon
maratónec%marathoner
maratonský%marathon
maratóny%marathons
Marc%Marc
Marceau%Marceau
Marcel%Marcel
Marcela%Marcella
Marcella%Marcella
Marcello%Marcello
March%March
Marcia%Marcia
marcipán%marchpane%marzipan
Marco%Marco
Marconi%Marconi
Marcotte%Marcotte
Marcus%Marcus
Marcy%Marcy
Mardis%Mardis
Marek%Mark
mare na Měsíci%maria
Margaret%Margaret
margarín%margarine%marge
marginálie%marginalia
marginalita%marginality
marginální analýza%marginal analysis
marginální čistý soukromý výnos%marginal net private benefit
marginální daňová sazba%marginal tax rate
marginální efektivita nákladů%MCE
marginální externí náklad%marginal external cost
marginální jednotka%marginal unit
marginální náklad%marginal cost
marginální náklady na průzkum%marginal cost of exploration
1.marginální nákl. na snižování, 2.max.dosažitelná koncentr.%MAC
marginální příjem%marginal revenue
marginální proměnné (variabilní) náklady%marginal variable costs
marginální zisk%marginal profit
Margo%Margo
maří%foils
Marian%Marian
mariánka%ju-ju
mařící své vlastní záměry%self-defeating
Marie%Marie
Marie Magdaléna%Mary Magdalene
Marietta%Marietta
marihuana%cannabis%pot%Mary Jane%hemp%marijuana%ganja%marihuana
marihuanová cigareta%marijuana cigarette
marimba%marimba
Marin%Marin
marináda%pickle%marinade
mariňák%leatherneck%jarhead
Marino%Marino
marinování%marination
marinovat%steep%marinate
Mario%Mario
Marion%Marion
marioneta%puppet
mařit%counteract%confound
mařit čas%dilly-dally
mařit jednání%filibuster
marka%mark
markantně%prominently
Markéta%Meg%Margareth%Margaret
marketerie%marquetry%marqueterie
marketing%marketing
marketingový%marketing
Markham%Markham
markovač datumu%date gun
Markovitz%Markovitz
Markovova rovnováha%Markov Equilibria.
markytán%sutler
markýz%marquess%marquis
markýza%sunshade%hood%marquise%awning%sunblind%marchioness
Marlborough%Marlborough
Marlene%Marlene
Marlowe%Marlowe
marmeláda%marmalade%marmelade%preserve%jam
marná snaha%wild goose chase
marně%pointlessly%uselessly%vainly
márnice%mortuary%morgue%charnel house
marnivost%vanity
marnivosti%vanities
marnivý%vain
marnost%futility%nothingness%forlornness
marnotratně%profligately%lavishly%prodigally
marnotratník%prodigal%spendthrift%squanderer%wastrel%waster
marnotratnost%prodigality%extravagancy%splurge%profligacy%wastefulness%extravagance%lavishness
marnotratný%wasteful
marný%unavailing%void%useless%vain%pointless%futile%fruitless
Maroko%Morocco
Marquette%Marquette
Marquis%Julius
Marriott%Marriott
Mars%Mars
maršál%marshal
maršálství%marshalship
Marseille%Marseille
Marseilles%Marseilles
Marsha%Marsha
Marshall%Marshall
Marshallovy ostrovy%Marshall Islands
Marta%Martha
Marťan%Martian
marťanský%martian
Martha%Martha
Martian%Martian
Martin%Martin
Martina%Martina
Martinez%Martinez
martingal%martingale
martini%martini
Martinik%Martinique
Martin Luther%Luther
Martinson%Martinson
Marty%Marty
Marvin%Marvin%Henry
Marx%Marx
marxismus%marxism
Marxismus%Marxisms
marxista%marxist
marxistický%marxist
máry%hearse%bier
Mary%Mary
Maryland%Maryland
marže%mark-up%mark up%profit margin%margin
máš%you have
masa%meats%mass%large quantity
masakr%pogrom%holocaust%bloodbath%massacre%butchery%carnage%slaughter
masakrovat%butcher%slaughter
masakrovatel%slaughterer
masakry%massacres
masa lidí%corps
masařka%bluebottle%blowfly%flesh-fly
masáž%massage
masáže%massages
masážní salon%massage parlor
máselnan%butyrate
máselnatý%butyraceous
máselný tuk%butterfat
masér%masseur%massager
masérka%masseuse
mašinérie%machinery
mašinka%choo-choo
masírování%massaging
masírovat%massage%knead
masíruje%kneads
masitější%meatier
masitost%meatiness
masitý%fleshy%meaty%fleshly
masív%massif
masivně%massively
masivní%massive%beamy%sturdy%huge
masivnost%massiveness
maska%guise%masque%mask
maska neodrážející světlo%matte
maskara%eyeliner%eyeshadow
maškara%mummer
maškaráda%masquerade%masque
maškarády%masquerades
maškarní kostým%fancy dress
maskér%masker%masquer
maskot%mascot
maskoti%mascots
maskování%camouflage%concealment%masking
maskovaný%masked%camouflaged
maskovat%camouflage%mask
maskovatelný%maskable
maskulinizace%masculinization
maskulinizovat%masculinize
maskulinum%masculine
masky%masks
máslo%butter
máslovitý%butyraceous
máslový%buttery%butter
masmédia%mass media
masný průmysl%meatpacking%meatpacking industry
maso%meat%flesh
masochismus%masochism
masochista%masochist
masochisté%masochists
masochistický%masochistic
masochisticky%masochistically
maso makrely%bonito
Masonova-Dixonova linie%Mason-Dixon line
masopust%carnival
masová konzerva%tinned meat
masová koule%meatball
masová nezaměstnanost%mass unemployment
masově červený%incarnadine
masově produkovaný%mass-produced
masový%mass
masový trh%mass-market
masový vrah%serial killer
maso z jelena%venison
maso z kolena%hock
masožravci%carnivores
masožravec%carnivore
masožravost%carnivorousness
masožravý%zoophagous%carnivorous
Massachusetts%Massachusetts
Massey%Massey
máš slovo%it's your turn
mast%unguent%liniment%ointment%embrocation
mást%baffle%confuse
mastaba%mastaba
mastek%soapstone%talcum%talc
mastif%mastiff
mastiff%mastiff
mastitida%mastitis
mastivo%dubbin
mastná kyselina%fatty acid
mastné kyseliny%fatty acids
mastnost%greasiness
mastnota%grease
mastný%unctuous%aliphatic%greasily%greasy%fatty%slick
mastodont%mastodon
mastoidní%mastoid%mastoidal
mastopexie%mastopexy
masturbace%hand job%onanism%self-abuse%masturbation
masturbační%masturbatory
masturbant%masturbator
masturbovat%whack off%toss%masturbate%whacking off%wank
masturbuje%masturbates
masturbující%masturbating
masturbující osoba%tosser
masy reagující na reklamu%admanmass
mat%checkmate%mate
máta%mint
matador%matador
máta peprná%spearmint%mint%peppermint
matchball%match point
matčin%mother's
máte%you have
mate%confuses%baffles
matečný%mother
Matěj%Matthew
matematici%mathematicians
matematická naděje%actuarial expactation
matematicky%arithmetically%mathematically
matematický%arithmetical%mathematical%mathematic
matematik%arithmetician%mathematician
matematika%maths%mathematics%math
matení%mystifying
Mateo%Mateo
materiál%substance%stuff%materiel%material
materialismus%materialism
materialista%materialist
materialisticky%materialistically
materialistický%materialistic
materializace%materialization%materialisation
materiál k mulčování%mulch
materiální%ponderable%material
materiální zdroj%material source
materiálnost%materiality
materiálová identifikace%material identification
materiálová rovnováha%materials balance
materiálové škody%materials damage
materiálové škody v zemědělství%materials damage to agriculture
Material Unaccounted For%MUF
materiály%stuffs%materials
materiály k četbě%readings
mateřská dovolená%maternity leave
mateřská láska%motherliness
mateřská škola%infant school%kindergarten
mateřská školka%nursery school%nursery
mateřská země%motherland
mateřská znaménka%nevi
mateřské znaménko%birthmark%nevus%mole
mateřský%parent%maternal%motherly%mother
mateřsky%maternally
mateřština%vernacular
mateřství%motherhood%maternity
Mathew%Matthew
Mathewson%Mathewson
Mathias%Mathias
Mathieu%Mathieu
matice%nut%arrays%matrices%metal nut%matrix
maticová tiskárna%stylus printer
matika%maths%math
matka%parent%nut%mater%old lady%mother
Matka Cabrini%Cabrini
matka představená%mother superior%prioress
matka rodiny%housemother
matka živitelka%alma
matkošukač%motherfucker
matko-vražda%matricide
matkovražda%matricide
matkovražedný%matricidal
matko-vražedný%matricidal
matky%mums%mothers
mátl%stumped
matně%dimly
matné sklo%ground glass
matnost%tarnish
matný%lustreless%matt%vague%dim%opaque
mátoha%zombie
matoucí%perplexing%confusing%bewildering%illusory%mistakable%clear as mud
matoucím způsobem%bewilderingly
matoucí osoba%confuser
Matouš%Matthew
matované sklo%ground glass
matování%dulling
matový%matt%mat
mátový%minty
matrace%mattress%mattresses
matriarchální%matriarchal
matriarchát%matriarchy
matrice%master%matrices%matrix
matriční%registry
matrika%register
matrikář%registrar
matrona%matron
matrónský%matronly
matroš (drogy)%shit
Matson%Matson
Matsumoto%Matsumoto
Matterhorn%Matterhorn
Matter Of Fact%MOF
Matthew%Matthew
Matthews%Matthews
Mattie%Mattie
Mattson%Mattson
maturita%graduation
maturitní%leaving examination
máty%mints
Matyáš%Matthew
Mauna Loa%Mauna Loa
Mauretánie%Mauritania
Maurice%Maurice
Mauricio%Mauricio
Mauricius%Mauritius
maurský%moresque
mausoleum%mausolea%mausoleum
mával%waved%swung
mávání%brandish%flapping%brandishing%waving%wielding
mávat%dangle%wave
mávat na auto%flag down
mávat např. křídly%waggle
Maverick%Rahul
má vinu%at fault
Mavis%Mavis
mávnout%wave
Max%Max
maxilodentální%maxillodental
maxilomandibulární%maxillomandibular
maxima%maximums
maximalita%maximality
maximalizace%maximisation%maximalization%maximization%maximation
maximalizovaný%maximized%maximised
maximalizovat%maximize%maximise
maximalizovatel%maximizer%maximiser
maximalizuje%maximises%maximizes
maximalizující%maximizing%maximising
maximálně%most%maximally
maximálně dosažitelná ochranná technologie%MACT
maximální%utmost%peak%uttermost%maximal
maximální cena%ceiling price
maximální délka%maxi
maximální hloubka nádrže%maximum reservoir depth
maximální imisní koncentrace%MIC
maximální limit reziduí%MRL
