Moe%Moe
moe%margin of exposure
Moen%Moen
Mohamad%Jorge
Mohamed%Muhammad
mohamedán%Mohammedan%Moslem
mohamedanský%Mohammedan
Mohammed%Mohammed
Mohavská poušť%Mojave Desert
mohér%mohair
mohl%was able%could%could have
mohla%she could have
mohl by%could
Mohl bych ti to říci, ale musel bych tě potom zabít%ICTYBTIHTKY (I Could Tell You But Then I'd Have To Kill You)
mohli%they could have
mohou%they can%they are able
Mohr%Mohr
mohu%can
Mohuč%Mayence
mohutně%mighty%powerfully
mohutnost%grandiosity%mightiness%heftiness%cardinality%bulkiness
mohutnosti%potencies
mohutný%mighty%potent%hulking%powerful%vigorous%profuse%huge%grandiose%all-out
Mohu vám pomoci?%Can I help you?
mohyla%tumulus%tor%cairn%barrow
moje%my
moji%my
mojí%of my
Mojžíš%Moses
moka%mocha
mokasín%moccasin%moccasins
mokřad%wetland
mokřady%wetlands
mokré moření osiva%moist sowing seed pickling
mokré moření osiva ve slabém vakuu%moist sowing seed pickling in mild vacuum
mokré moření sadby%moist seedlings pickling
mokré moření sadby ve slabém vakuu%moist seedlings pickling in mild vacuum
mokřina%moorland%wetland%swale%marshland%swamp%marsh
mokřiny%swampland
mokro%damp
mokrost%wetness%sogginess
mokrý%wet%moist%soggy%damp
mokrý vzhled%wet-look
mol%moth%mole
mola%piers%jetties
molalita%molality
molální%molal
molarita%molarity
molární%molar
Moldávie%Moldova%Moldavia
moldavit%moldavite
Moldavsko%Moldavia
Moldavský%Moldavian
Molecular Beam Epitaxy%MBE
molekula%molecule
molekularita%molecularity
molekulární%molecular
molekulární biolog%molecular biologist
molekulární biologie%molecular biology
molekulární genetika%molecular genetics
molekulová hmotnost%molecular weight
molekulový%molar
molekuly%molecules
moleskin%moleskin
mol holubí%sparrow-nest clothes moth
molický%mollic
Moline%Moline
molitan%foam rubber%foam
moll%minor
molo%pier%mole%dockside%jetty
moloch%juggernaut
Molotov%Molotov
Molotovův koktejl%Molotov cocktail
moluscicid%molluscicide
moly%moths
molybden%molybdenum
moment%moment%jiffy%second%momentum%instant%factor
momentálně%presently%momentarily
momentka%snapshot%snap
momenty%moments
Mon%Mon
Mona%Mona
Monaco%Monaco
monáda%monad
Monako%Monaco
monandrie%monandry
monarchický%monarchical%monarchic
monarchie%monocracy%monarchies%monarchy
monarchismus%monarchism
monarchista%royalist%monarchist
monarchistický%monarchistic
monaurální%monaural
Monday%Monday
Monet%Monet
monetarismus%monetarism
monetarista%monetarist
monetaristé%monetarists
monetární%monetary
monetární politika%monetary policy
Monfort%Monfort
Mongol%Mongolian
mongol%mongoloid%mongol
mongolismus%mongolism
Mongolsko%Mongolia
mongolský%Mongolian%mongol%Mongolic
mongolština%Mongolian%Mongol
Monica%Monica
Monika%Monika
moniliáza%moniliasis
monismus%monism
monista%monist
monistický%monistic
monitor%monitor
monitoring%monitoring
monitorování%monitoring
monitorování znečištění atmosferického pozadí%BaPMoN
monitorovaný%monitored
monitory%monitors
mono%mono
monoatomární%monatomic
monochromatický%monochromatic
monochromatismus%monochromatism
monocykl%monocycle
monodicky%monodic
monódie%monody
monodik%monodist
monofág%monophage
monofonický%monophonic
monofonie%monophony
monofonní%monaural%monophonic
monogamie%monogamy
monogamista%monogamist
monogamně%monogamously
monogamní%monogamous
monogeneze%monogenesis
monografický%monographic
monografie%memoir%monograph
monografy%monographes%monographs
monogram%monogram
monogramy%monograms
monogynie%monogyny
monokarpický%monocarpic
monokl%monocle%black eye%shiner
monoklimax%monoclimax
monoklinální%monoclinal
monoklonální%monoclonal
monokracie%monocracy
monokultura%monoculture
monolatrie%monolatry
monolit%monolith
Monolithic Microwave Integrated Circuit%MMIC
monolitický%monolithic
monolitický beton%in-situ concrete%monolithic concrete%cast-in-place concrete%cast-in-situ concrete
monolog%soliloquy%monologue%monolog
monology%soliloquies
monoman%monomaniac
monomaniacký%monomaniacal
monomanie%monomania
monomer%monomer
monomerický%monomeric
monometalický%monometallic
monomolekulární%monomolecular
monomolekulární vrstva%monolayer
monomorfní%monomorphic
mononukleóza%mononucleosis
monopol%monopoly
monopolista%monopolist
monopolistická konkurence%monopolistic competition
monopolistický%monopolistic
monopolizace%monopolisation%monopolization%monopolizing
monopolizátor%monopolizer
monopolizování%monopolizing
monopolizovaný%monopolized%monopolised
monopolizovat%monopolise%monopolize
monopolizující%monopolizing
monopolní konkurence%monopolistic competition
monopolní síla (moc)%monopoly power
monopolní zisk%monopoly profit
monopoly%monopolies
monoprogramování%monoprogramming
monoprogramovaný%monoprogrammed
monopson%monopsony
monopsonista%monopsonist
monosporový izolát%monospore isolate
monostabilní%monostable
monoteista%monotheist
monoteistický%monotheistic
monotonie%monotony
monotónně%tonelessly%monotonously%monotonically
monotónně mluvit%singsong
monotónní%singsong%toneless%monotonic%monotone%sing-song%metronomic%monotonous
monotónnost%drabness%monotony%monotonicity%monotonousness
monotyp%monotype
monotypický%monotypic
monoxid%monoxide
Monroe%Monroe
Monroeova doktrína%Monroe doctrine
Monsanto%Monsanto
monstrance%monstrance
monstrózní%monstrous
monstrum%freak%monster%leviathan
Mont%Mont
Montague%Montague
Montana%Montana
montáž%assemblage%mounting%montage%fitting%assembly
montáže%mountings
montážní%assembling%mounting
montážní lešení%falsework
montážní linka%assembly line
montážní pás%assembly line
Montenegro%Montenegro
montér%assemblyman%fixer%mounter%setter
montéři%assemblers
montérky%overalls%boilersuit
Montezuma%Montezuma
Montgomery%Montgomery
Monticello%Monticello
montoval se do%dabbled
montování%assemblage%fitting%assembly
montovaný%prefab
montovat%assemble%engineer%mount
Montrealský protokol%Montreal Protocol.
montuje%mounts
Monty%Monty
monument%monument
monumentálně%monumentally
monumentální%monumental
monzun%monsoon
monzunový%monsoonal
Mooney%Mooney
Moore%Moore
Moors%Moors
mop%swab%mop%swob
moped%moped
mops%pug
mopy%mops
mor%poison%pest%plague%pestilence
moralista%moralist
moralisté%moralists
moralistický%moralistic
moralisticky%moralistically
moralizace%moralization
moralizoval%moralised
moralizování%moralizing
moralizovat%moralize%moralise
moralizující%moralising
morálka%morals%morality%morale
morálka kolektivu%esprit de corps
morálky%moralities
morálně ponížit%drag down
morálně zavázán%duty-bound
morální%morally%moral
morální stav%frame of mind
morální stimuly%moral incentives
Moran%Moran
moratorium%moratorium%moratoria
moratorní%moratory
Morava%Morava river%Moravia
Moravačka%Moravian woman
Moravák%Moravian man
Moravan%Moravian man
Moravanka%Moravian woman
moravský%Moravian
morbidita%morbidity
morbidně%morbidly
morbidní%morbid
morbidní člověk%ghoul
morbidnost%morbidness
morčák%shelduck%sheldrake
morče%guineapig%guinea pig%guinea-pig%cavy
mor domácích zvířat%murrain
moře%seas%sea
More Dirt (Physician)%MD
More Electric Aircraft%MEA
More Electric Test Vehicle%MTV
More Friendly Garbage!%MFG
Morehouse%Morehouse
morek%marrow
Moreland%Moreland
moréna%moraine
moření osiva do zásoby%reserve sowing seed pickling
moření sadby do zásoby%reserve seedlings pickling
mořeplavci%voyagers
mořeplavec%navigator%voyager%seafarer
mořeplavectví%seafaring
morfém%morpheme
morfematický%morphemic
morfin%morphine
morfismus%morphism
morfismy%morphisms
morfium%morphia
morfogenetický%morphogenetic
morfogeneze%morphogenesis
morfologicky%morphologically
morfologický%morphological%morphologic
morfologie%morphology
morfonologie%morphophonemics
Morgan%Morgan
Morgana%Morgan
morganatický%morganatic
Moriarty%Moriarty
mořidlo%mordant%pickling agent%bate
mořit%emaciate%bate
Morley%Morley
Mormon%Mormon
mormonský%Mormon
mormonství%Mormonism
moroň%dugong
Moroni%Moroni
morous%damper
morová rána%plague
Morrill%Morrill
Morris%Morris
Morrison%Morrison
Morrissey%Morrissey
Morse%Morse
Morseova abeceda%continental code
Morseovka%Morse code
morseovka%morse
mořská bríza%sea breeze
mořská houba%sea sponge
mořská hvězdice%starfish
mořská mina%marine mine
mořská nemoc%seasick%seasickness
mořská panna%mermaid
mořská pěna%meerschaum
mořská řasa%seaweed
mořská ryba%pompano
mořská scenérie%seascape
mořská voda%seawater
mořská zátoka%firth
mořská zeleň%sea green
mořská želva%marine turtle
mořské dno%shelf%seabed
mořské pobřeží%seashore%sea-coast%seacoast
mořský%pelagic%marine
mořský koník%sea horse%seahorse
mořský ledovec%berg
mořský muž%merman
mořský plž%abalone
mořský pták%seabird
mořský pták beroucí kořist slabším ptákům%jaeger
mořský úhoř%conger%conger eel
mořští muži%mermen
mortalita%mortality
Mortimer%Mortimer
Morton%Morton
moruše%mulberries%mulberry
moruška%cloudberry
morušovitý%moraceous
mory%pests
mosaz%brass%yellow copper
mosazně žlutý%brassy
mosazný%brassy%brass%brazen
Moscone%Moscone
Moser%Moser
Moses%Miguel%Moses
moskevský%muscovite
Moskva%Moscow
Moskvan%Muscovite
moskyt%mosquito
moskyti%mosquitoes
Mossberg%Mossberg
most%bridge
mošt%apple juice%cider%scrumpy
Mostly Harmless (5th part of THHGTTG)%MH
mostné%toll
mostní pole%span
mostní váha%weighbridge
mostovka%deck
mosty%bridges
mota%mottoes
moták pilich%hen harrier
motanice%babel
motání hlavy%dizziness
motat%reel%wind up%roll
motel%motel
motely%motels
moteto%motet
Mother F---er In Charge%MFIC
Mother F---er What's In Charge%MFWIC
Mother I'd Like to F---%MILF
motiv%mainspring%motive%motif
motivace%motivations%motivation
motivační%motivational
motivační opatření%incentive
motivační zkreslení%bias, motivational
motivovaný%motivated
motivovat%motivate
motivuje%motivates
motivující%motivating%motivational
motivy%motives%motifs
moto%motto
motocykl%motorcycle
motocyklista%motorcyclist
motocyklová eskorta%outrider
motocykly%motorbikes%motorcycles
motokára%go-kart%go-cart%kart
motokros%motocross
motolice%gid
motoličnost%gid
motor%powerhouse%engine%motor
motorest%pull-up
motorický%motorial
motorista%motorist
motoristé%motorists
motorizace%motorization
motorizovaný%motored%motorized
motorizovat%motorize
motorizuje%motorizes
motorizující%motorizing
motorka%motorbike%motorcycle
motorkář%biker
motorky%motorbikes
motorová loď%powerboat
motorová nafta%diesel
motorové%motor
motorové vozidlo%motor vehicle%automobile
motorový člun%motorboat
motorový skútr%motor scooter
motor s turbem%turbocharged
motory%engines%motors
motouz%string%packthread
Mott%Mott
motyčka%hoe
motyka%mattock%hoe
motýl%lepidopteran%butterfly
motýlek%bow tie
motýli%butterflies
motýlice%damselfly
mou%my
moucha%fly
moucha domácí%housefly
moucha tse-tse%tsetse
mouchy%flies
moučka%powder%farina
moučnatý%farinaceous
moučník%dessert%sweet%pudding%cake
moučníkář%pastrycook%pastry-cook
moučníky%desserts%pastries%cakes
moučný%farinaceous%floury%mealy
moudře%sagely%wisely
moudřejší%bigger than life%wiser
moudrost%sapience%wisdom%prudence
moudrý%sapient%sage%wise%clever
mouka%flour
moula%dork%mooncalf%bumpkin%wally
Moulton%Moulton
Mount Palomar%Palomar
mour%slack%culm
mouřenín%blackamoor
Moving and Stationary Target Acquisition and Recognition%MSTAR
Moving Target Indicator%MTI
movité vlastnictví%personalty
movitost%chattels%chattel
movitosti%movables
movitý majetek%chattel%personalty
mow/mowed/mowed%mowed%mow
mow/mowed/mown%mown%mowed%mow
Moyer%Moyer
mozaika%mosaics%inlay%mosaic%patchwork
mozaikování%tessellation
mozaikovat%tessellate
mozaikový%tessellated
Mozambik%Mozambique
Mozart%Mozart
moždíř%mortar
mozeček%brain
mozek%cerebrum%encephalon%brain
mozková buňka%braincell
mozková činnost%cerebration
mozková kapacita%brainpower
mozková kůra%cerebral cortex
mozková membrána%meninx%meninges
mozková obrna%cerebral palsy
mozková vlna%brain wave
mozkové centrum%think tank
mozkové kůry%cortices
mozkově postižený%brain-damaged
mozkovna%braincase
mozkový%cerebral
mozkový impuls%brainwave
mozkový kmen%brainstem%brain-stem
mozky%brains
možná%possibly%perhaps%perchance%peradventure%maybe%may%mayhap
možné%possible
možně%earthly
možno%possible
možnost%prospect%contingency%scenario%opportunity%facility%resource%chance%odds%option%possibility
možnosti%potentialities%means%preferences%possibilities
možnosti a způsoby%ways and means
možnost, náhoda%contingency
možnost úniku%loophole
možný%prospective%impossible%potential%earthly%possible
možný (potencionální) trh%potential market
mozol%callosity%callus%bunion
mozolovitost%callosity%callousness
mozolovitý%callous
mračení%lour%scowl
mračí%frowns
mračící se%frowning
mračit%frown
mračit se%glower
mračit se na%frown on
mračno%cloud%plague
mrak%cloud%plague
mrakodrap%skyscraper
mrákoty%swoon%faints
mraky%clouds
mramor%marble
mramorování%marbling
mramorovaný%marbled%marbleized
mramorový%marbled%marmoreal%marble
mramorový filtr%limestone filter
mrav%custom
mravenčení%formication%pins and needles
mravenčí%formic
mravenci%ants
mravenec%pismire%emmet%ant
mravenečník%anteater%ant bear
mraveniště%ant hill%ant-hill%anthill
mravkolev%ant lion
mravně zkazit%deprave
mravní%moral%ethical
mravnost%morality
mravnostní%moralizing
mravnostní policie%vice squad
mravný%moral%well-behaved%virtuous
mravokárce%mentor
mravopočestnost%decency
mravouk%ethicist
mravy%manners%ethics
mráz%frost
mrazák%freezer%cooler
mrazení%chilling%freezing%refrigeration
mrazení po těle%frisson
mražený%frozen
mrazit%freeze%refrigerate
mrazivě%frostily%chillingly%chilly
mrazivost%frostiness%frigidity%frigidness%chilliness
mrazivý%gelid%frore%frigid%boreal%freezing%chilly%frosty
mraznička%refrigerator
Mráz, paní Zima%Jack Frost
mrazuvzdorný%frostproof
mrcha%carrion%carcass
mrchožrout%scavenger
mrdat%fuck%screw
mrdka%cum
mrhal%dissipated
mrhání%waste%squandering
mrhání časem%waste of time
mrhat%dissipate%squander%fritter away
mrholení%drizzle
mrholit%mist%drizzle%mizzle
mrholivý%misting%drizzling
mříž%grid%bar%lattice%gridiron%grating
mříže%bars%grids
mřížka%grid%lattice%number sign%grille%grating
mřížkování%meshing%reticulating
mřížkovaný%reticulated
mřížkovatý%cancellated
mřížkovitý%cancellate
mřížky%grids
mřížoví%latticework%grating
mřížovina%trellis-work%trelliswork%trellis%latticework
mřížový%latticed
mříž před krbem%fireguard
mrká%winks
mrkal%blinked
mrkání%winking%wink%flashing
mrkat%blink%wink
mrkev%carrot
mrkl%blinked
mrknout%blink%wink
mrknout na%wink at
mrknul%blinked
mrknutí%dekko%blink%wink%flashing
mrkváče%pantaloons
mrkve%carrots
mrmlat%whive
mrňavost%bittiness
mrňavý%weeny%dinky%tiny%itsy-bitsy%teeny%puny
mrně%kid%nipper
mrňous%kido%kid
mrož%walrus%sea cow
mroži%walruses
mroží knír%walrus mustache%walrus moustache
mršina%carcass%carcase
mrška (o ženě)%minx
mrskač%whipper
mrskání%flogging%birch%lashing
mrskat%lash%flog
mrskat se%beat about
mrsknout%chuck
mrsknutí%chucking
mrsknutý%chucked
mrštění%whisk
mrštil%slung%flung
mrštit%toss%throw%fling%whisk%sling%whisk away%dash%hurl
mrštně%swiftly%lithely
mrštnost%swiftness
mrštný%nimble%pacey
mrtev%dead
Mrtvé moře%Dead Sea
mrtvě narozený%stillborn
mrtvé tělo zvířete%carcass
mrtví%dead
mrtvice%stroke%apoplexy
mrtvicový%apoplectic
mrtvola%remain%body%dead body%cadaver%goner%corpse
mrtvola archaicky%corse
mrtvolně bledý%cadaverous%waxen
mrtvolný%cadaveric%cadaverous%deathlike
mrtvoly%cadavers%corpses
mrtvost%deadness%inanimateness
mrtvý%lifeless%casualty%dead%insentient%exanimate
mrtvý bod%standoff%stalemate%stand-off
mrtvý jazyk%dead language
mručení%mutters%muttering
mručet%mutter
mručoun%groaner
mrva%dung
mrzačí%mutilates%cripples
mrzáci%cripples
mrzačící%mutilating%maiming
mrzačící zranění%maims%maim
mrzák%lamer%cripple
mrzák kulhavý%gimp
mrzkost%despicableness
mrzký%scurvy%despicable
mrzl%froze
mrzne%it's freezing%freezes
mrznoucí%freezing
mrznout%freeze%be freezing
mrznul%froze
mrznutí%freezing
mrzout%sourpuss%curmudgeon%crosspatch%misanthrope%misanthropist%grump%grouch
mrzoutský%crotchety%misanthropic%crustily%curmudgeonly
mrzoutství%crotchetiness%crankiness%biliousness%crustiness
mrzutě%sullenly%surlily%cantankerously%annoyingly%peevishly%sourly%grumpily
mrzutější%more annoying%surliest%more grumpy%more morose
mrzutost%pettishness%grumpiness%annoyance%surliness%grizzle%cantankerousness%sulkiness%sullenness%chagrin%grouchiness%annoying thing
mrzutý%surlily%annoyed%grizzly%annoying%morose%liverish%cantankerous%grumpy%crabby%ill-tempered%sulky%sullen%chagrined%irksome%peevish%splenetic%surly
MSA krajina (angl.)%most seriously affected country
MS-DOS%MS-DOS
mše%church mass%worship%mass%celebration
mšice%plant louse%greenfly%aphid
msta%nemeses%Nemesis%revenge%retribution%vengeance%revenage
msta stejným prostředkem%an eye for an eye (a tooth for a tooth)
mstitel%avenger%Nemesis%revenger
mstít se%take revenge
mstivě%vengefully
mstivost%vengefulness%vindictiveness
mstivý%vindictive%vengeful%vindicative
m9t%ain\'t
mu%him
mučednice%martyr
mučedníci%martyrs
mučednický%martyred
mučednictví%martyrdom
mučedník%martyr
mučení%torturing%excruciation%torture%tantalization
mučenka%passionflower
mučený%tantalized%tortured
muchlat%tousle%crumple
mucholapka%flytrap%flycatcher%flypaper
mucholapka podivná%venus' flytrap
muchomůrka%toadstool
mucic acid%mucic acid
mučící%agonizing
mučil%agonized%martyred%tantalised%tantalized
mucin%mucin
mučírna%torture chamber
mučit%torment%tantalise%agonize%prey%tantalize%martyr%torture
mučitel%racker%torturer
mučit myšlenkami%agonise
mučivě%agonisingly%agonizingly
mučivý%agonising%excruciating%anguished%torturous%harrowing%agonizing
muckat se%smooch
Mudd%Mudd
mudrc%sage%wise man
mudrci%sages
mudrlant%sapient%wiseacre
mudžahedín%mujahedin
Mueller%Mueller
mufle%muffle
muflon%moufflon%mouflon
Muir%Muir
můj%my%mine
muka%torments%agonies%torment%throes%anguish%agony
mukoidní%mucoid
mukokutánní%mucocutaneous
mukoviscidóza%mucoviscidosis
mukóza%mucosa
mukózní%mucosal
mul%mule%gauze
mula%mule
mulat%mulatto
mulčovat%mulch
mullah%mullah
Mullen%Mullen
Multi-Axis Thrust Vectoring%MATV
multibit%multibit
multibyte%multibyte
Multichip Assembly%MCA
Multichip Module%MCM
multidisciplinární%multidisciplinary
multidisciplinární ekistika%multidisciplinary ekistics
Multifunction Display%MFD
Multifunction Integrated Radio Frequency System (JAST)%MIRFS
multifunkční%multifunction%multifunctional
multikulturismus%multiculturalism
multikulturní%multicultural
multilaterální%multilateralism
multimédia%multimedia
multimediální systém%multimedia system
multimetr%multimeter
multimilionář%multimillionaire%billionaire
multimiliónový%multimillion
Multiple Independently Targetable Reentry Vehicle%MIRV
Multiple Letter Acronym%MLA
multiplexer%multiplexer
multiplexery%multiplexers
multiplexní kanál%multichannel
multiplexor%multiplexor
multiplexory%multiplexors
multiplexování%multiplexing
multiplexovaný%multiplexed
multiplexuje%multiplexes
multiplikační efekt%multiplying effect
multiplikativní%multiplicative
multiplikátor%multiplier
multipočítač%multicomputer
multiprocesor%multiprocessor
multiprocesory%multiprocessors
multiprogram%multiprogram
multiprogramování%multiprogramming
multiprogramovaný%multiprogrammed
Multispectral Imager%MSI
multivitamín%multivitamin
multy%multi
muly%mules
Mumford%Mumford
mumie%mummy%mummies
mumifikace%mummification
mumifikovat%mummify
mumlá%murmurs%mumbles
mumlal%burbled
mumlání%mumblings%mumbler%mumbling%muttering%murmuring
mumlat%mumble%hum%burble%murmur%mutter%gabble%slur%drone on%maunder
mumlavý%murmurous
Muncie%Muncie
Mundt%Mundt
mungo%mongoose%mung bean
munice%munition%munitions%ammo
munice do flusačky%spitball
muniční vůz%caisson
Munition Export License Application%MELA
Munroe%Munroe
Munsey%Munsey
Munson%Munson
Munster%Munster
mur%mud flow
Murcia%Murcia
muréna%moray eel%moray
Muriel%Muriel
Murmansk%Murmansk
Murphy%Murphy
Murray%Murray
Murrow%Murrow
můry%moths
musel%had to
mušelín%muslin
muset%must%shall%have to%gotta
muset čekat%kick one's heels
muset jít%have to go
musí%must%has to%they must%they have to%gotta
musil%had to
musím%shall
musíme%we have to%we must
mušinec%flyspeck
musíš%you have to%you must
musit%must%have to
musíte%you have to%you must
muší váha%flyweight
muška%aim
muskardinóza%muscardinosis
muškát%muscat%muscatel
muškátové hrozny%muskat
muškátový oříšek%nutmeg
mušketa%musket%culverin%blunderbuss%fusil%flintlock
muškety%muskets
mušketýr%musketeer%fusilier
mušketýři%musketry
muskuloskeletální%musculoskeletal
mušle%shell
Muslim%Muslim
muslim%Muslim%Moslem
muslimka%Muslim
muslimská svatá válka%jihad
muslimský%Islamic%Muslim%Moslem
Mussolini%Mussolini
Mustafa%Shannon
mustang%mustang%bronco
můstek%bridgework%bridge
mutace%mutation%mutations
mutační%mutational%mutative
mutagen%mutagen
mutagenní%mutagenic
mutagenní látka%mutagenic agent
mutant%mutant
mutanti%mutants
mutismus%mutism
mutovaný%mutated
mutovat%mutate
mutualista%mutualist
mutuje%mutates
mutující%mutating
muž%man%hombre%male%husband%carl
muz%kokot
múza%muse
mužatka%amazon
muž činu%doer
může%might%may%is able%can
muzea%museums
můžeme%you are able%we can
můžeš%you may%you can%you are able
můžete%you may%you can%you are able
muzeum%museum
muzeum lidového umění%folk museum
muzeum voskových figurín%wax museum
muži%men%males
mužíček%hubby
múzický%performing arts
mužik%muzjik%muzhik%moujik
muzika%band%music
muzikál%musical%musical comedy
muzikálně%musically
muzikální%musical
muzikálnost%musicality%musicalness
muzikály%musicals
muzikant%musician
muzikantský%musicianly
muzikantství%musicianship
muzikolog%musicologist
muzikologický%musicological
muzikologie%musicology
mužnost%virility%machismo%maleness%manhood%manliness
mužný%virile%red-blooded%masculine%manly
můžou%they can%they are able
muž pocházející z Velké Británie%John Bull
muž proti muži%hand to hand%head-to-head
mužské křestní jméno%Dylan%Derek%Kermit%Jed%Stevie%Hiram%Brendan%Vern%Jake%Hershel%Eldon%Ernie%Ian%Lionel%Bernie%Cedric%Scottie%Freddy%Cyril%Reginald%Jackie%Phil%Giuseppe%Ezra%Elisha%Alec%Orville%Errol%Erik%Freddie%Gino%Ulysses%Sammy%Sal%Emil%Bobbie%Doug%Gus%Mel%Ethan%Lemuel
mužské křestní jméno špan. původu%Juan
mužskost%virility%masculinity%mannishness
mužský%manlike%man%male%macho%mannish%masculine%man's
mužsky%masculinely
mužský orgasmus%male orgasm
mužský pohlavní hormon%androgen
mužský příbuzný%kinsman
mužský sexismus%misogyny
mužský šovinista%male chauvinist
mužští členové%menfolks%menfolk
mužství%maleness%manhood
mužstvo%crew%personnel%rank and file%team
muž v domácnosti%househusband
my%we
myalgie%myalgia
mycelium%mycelium
mýcení%clearing
mycí%washing
mycí houba%sponge%bath sponge%loofah
mycí linka%car wash
myčka%dishwasher
myčka nádobí%dishwasher
myčka na nádobí%dishwasher
myčky nádobí%dishwashers
My Computer Is Better Than Yours (So Nyerrr)%MCIBTY(SN)
mydliny%soapsuds%suds
mydlit%soap
mýdlo%soap%soapsuds
mýdlová bublina%sud
mýdlová opera%soap opera
mýdlovitý%saponaceous
mýdlový%saponaceous%soapy
mýdlový prášek%soap powder
myelencefalon%myelencephalon
myelin%myelin
myeloblast%myeloblast
myeloidní%myeloid
myelom%myeloma
myelomeningokéla%myelomeningocele
Myers%Myers
My Eyes Glaze Over%MEGO
My Gameboy Died%MGD
My Hard Drive crashed (again)%MHDC(A)
myje%washes
mykač%carder
mykání%carding
mykolog%mycologist
mykologie%mycology
mykolytická bakterie%mycolytic bacterium
mykoplazma%mycoplasma
mykóza%mycosis
mykóza rostliny%plant mycosis
myl%washed
Mylar%Mylar
mýlit%mislead
mýlit se%be amiss%all wet%mistake%err
mýlka%mistake%error
mylnost%fallaciousness
mylný%fallacious%astray%mistaken%deceptive
My Mouth Is Full%MMIF
myoglobin%myoglobin
myokard%myocardium
myokardiální%myocardial
myologie%myology
myonekróza%myonecrosis
myopie%myopia
myotonie%myotonia
myóza%myosis
myozin%myosin
Myra%Myra
myrha%myrrh
myriáda%myriad
myringektomie%myringectomy
Myron%Myron
myrta%myrtle
myš%mouse
mys%head%promontory%headland%cape%foreland
my sami%ourselves
mys Dobré naděje%Cape of Good Hope
mys Horn%Cape Horn
myši%mice%dormice%mouses
myší%murine%mousy
myška%mouse
mysl%spirit%mind%mean
myslel%thought
myšlení%thought%thinking%mind
myšlenka%thought%idea%brainchild
myšlenky%thoughts%ideas
myšlený%virtual
myslet%think%believe%mean
myslet si%think
myslet si o něčem%make of something
mysli%muesli%minds
myslí%thinks
myslíš%you're thinking
myslit%trow%think%believe%reckon%mean
myslitel%thinker
myslitelé%thinkers
myslitelně%conceivably
myslitelnost%conceivableness
myslitelný%conceivable%cogitable%thinkable%earthly
myslivec%hunter%huntsman
myslivecký výraz%mort
myslivost%bloodsport
My Southern Comforts' Empty Again%MSCEA
mystéria%mysteries
mysticismus%mysticism
mystické zvíře%cockatrice
mystické zvíře v Kanadě%Sasquatch
mystické zvíře v USA%Sasquatch
mysticky%mystically
mystický%cryptical%mystical
mystický lesní muž%Bigfoot
mystifikace%bemusement%mystification
mystifikoval%mystified
mystifikovaný%mystified
mystik%mystic
mystika%mystics%mystique
mys ve střední části východního pobřeží Floridy%Canaveral
mýt%wash
mýta%tolls
mýt hlavu%wash your hair
mythologie%mythology
mytí%washing%wash
mýtický%fabulous%mythic
mýticky%mythical
mýtina%glade%opening%clearing%cutover
mytí nádobí%washing-up
mytí se%ablution
mýtná%tolls
mýtné%toll
mýto%toll
mytolog%mythologist
mytologická mořská obluda%kraken
mytologický%mythological%mythologic
mytologie%myth%mythologies%mythology
mytologizovat%mythologize
mýtus%myth%urban legend%fable
mýty%myths
mýval%racoon%raccoon
mývalové%raccoons
myxedém%myxoedema
myxobakterie%myxobacterium
myxom%myxoma
myxomatóza%myxomatosis
myxospora%myxospore
mzda%emolument%wages%wage
