brekot%boohoo%crying
břemena%burdens
břemeno%burden%charge%weight%onus
Brenda%Brenda
Brennan%Donnie%Brennan
Brenner%Brenner
Brent%Brent
brepta%prater%babbler
breptání%prate%chatter%gabble%gibbering
breptat%prate%chatter%sputter
Brest%Brest
břestovec%hackberry
Bretaň%Brittany
Breton%Breton
Bretoňsko%Brittany
bretonský%breton
bretonština%breton
Brett%Brett
breviář%breviary
břevno%beam
Brewster%Brewster
březen%March
březí%in foal%gravid
březost%gravidity%gestation
březový%birchen
brhlík%nuthatch
Brian%Brian
Brice%Brice
břich%belly
břicha%abdomens%bellies
břichatý%bellied%paunchy%pot-bellied%potbellied%abdominous
břicho%belly%tummy%stomach%midriff%abdomen
břichomluvec%ventriloquist
břichomluvectví%ventriloquy%ventriloquism
Bridget%Bridget
Bridgewater%Bridgewater
břídil%bungler%blunderer
břidlice%shiver%shale%slate
břidlicovitý%slaty
briefing%briefing
Brien%Brien
brífink%news conference
briga%brig
brigáda%brigade
brigádní generál%brigadier general%brigadier
brigádník%brigadier%part-timer
brigadýr%brigadier
brigantina%brigantine
Briggs%Briggs
Brigham%Brigham
Brighton%Brighton
briketa%briquette%briquet
brilantina%brilliantine
brilantně%brilliantly%slickly
brilantní%brilliant
brilantnost%slickness%brilliancy
briliant%brilliant
Brilliant Minds Think In Parallel Gutters%BMTIPG
břímě%burden%charge%obligation%load
brindáček%bib
Brindisi%Brindisi
bring/brought/brought%brought%bring
Bring Your Own Booze/Bottle%BYOB
břinkat%jingle
Brinkley%Brinkley
briony%briony
brioška%bun%brioche
Brisbane%Brisbane
bříško%fingertip%belly%tummy%cushion%ball of the thumb
břišní%coeliac%abdominal%celiac%ventral
břišní aorta%abdominal aorta
břišní dutina%abdominal cavity
břišní stěna%abdominal wall
břišní svaly%abdominal muscle
břišní tanec%belly dance%belly dancing
břišní tyfus%typhoid
Bristol%Bristol
brit%British
břit%cutting edge%sharp
Britain%Britain
Británie%Britain
brit. exkluzivní soukromé gymnázium%public school
British Aerospace%BAe
British Trust for Ornithology BTO%British Trust for Ornithology
břitkost%edge
Britové%British
brit. přípravka%prep school
Britská Kolumbie%British Columbia
britská rozhlasová a televizní společnost%BBC (British Broadcasting Corporation)
Britská tepelná jednotka%British thermal unit
Britská tepelná jednotka Btu%British thermal unit
britská všeobecná střední škola%comprehensive school
Britské Panenské Ostrovy%British Virgin Islands
britské vojenské vzdušné síly%Royal Air Force%RAF
britský%British
britský poslanec%MP
Britten%Britten
břitva%razor
břitvy%razors
bříza%birch%birch tree
bříza bradavičnatá%white birch
brizance%brisance
brk%quill
brkoslav%waxwing
brloh%hellhole%den%lair%kennel
brňavka%funny bone
brněl%prickled
brnění%armour%tingle%armor%mail%prickle%panoply
brnění na paži%brassard
brnět%prickle
brnět (v těle)%tingle
brnk%twang
brnkání%strum
brnkat%strum%twang
Brno%Brno
broadcast/broadcast/broadcast%broadcast
Broad Sweeping Generalization%BSG
Broadway%Broadway
Brock%Brock
brod%wade%ford
brodění%wade
brodící%wading
broditelný%fordable
brodit se%wade
brodivý pták%wading bird%wader
Broglie%Broglie
brok%slug%pellet
brokát%brocade
brokátový%brocaded
brokolice%broccoli
brokovnice%scattergun%shotgun
broky%slugs%pellets
bróm%bromine
Bromfield%Bromfield
bromičitan%bromate
bromičný%bromic
bromid%bromide
Bromley%Bromley
brommetan%methyl bromide
bromoform%bromoform
bromovat%brominate
bromovodík%hydrogen bromide
bronchiální%bronchial
bronchitický%bronchitic
bronchitida%bronchitis
bronchoskop%bronchoscope
brontosaurus%apatosaurus%brontosaurus%brontosaur
bronz%brass%bronze
bronzová medaile%bronze medal
bronzovaný%bronzed
bronzovat%bronze
bronzový%bronze
bronzový věk%Bronze Age
bronzy%bronzes
Brooke%Brooke
Brookfield%Brookfield
Brooklyn%Brooklyn
broskev%peach
broskve%peaches
broskvoň%Peachtree
broskvová zmrzlina%peach ice cream
broskvový%peachy
Brother In Law%BIL
brouček%sweetie%kid%little sweetie%babe%small insect
brouci%beetles%bugs
brouci nosatci%weevils
brouk%beetle%chafer%creepy-crawly%bug
broukat%hum
broukat si%croon
brouk nosatec%weevil
brousek%whetstone
broušené sklo%ground glass%cut glass
broušení%grinding%sharpening%rubbing%scouring
brousící%abrasive
brousit%hone%edge
brouzdal%waded%browsed
brouzdání%browsing%wading
brouzdat%browse%paddle
brouzdat se%paddle%wade
Browne%Browne
Brownell%Brownell
brož%broach%brooch%breastpin
brože%brooches
brožovaná kniha%paperback
brožovaný%paperback
brožovat%sew%stitch
brožura%booklet%paperback%pamphlet%brochure
brožury%brochures%paperbacks%booklets%pamphlets
Bruce%Bruce
bručel%rumbled%gurgled
brucelóza%brucellosis
bručet%snarl%grunt
bručí%grunts
brucin%brucine
bručivý%growling
Bruckner%Bruckner
bručoun%murmurer%sourpuss%mutterer%crosspatch%grouser%grump%growler%curmudgeon%grumbler%grouch
bručouni%mutterers
bručounský%crotchety%curmudgeonly
brukev%kohlrabi
brumlat%mutter%drone on
brunátný%blowzy
brunatny%ruddy
Brunej%Brunei
brunet%brunet
bruneta%brunette
Bruno%Bruno
Brunsvik%Brunswick
Brunswick%Brunswick
brus%rubber%grindstone
Brusel%Brussels
brusič drahých kamenů%lapidary
brusinka%cranberry%cowberry%blueberry
brusinky%cranberries
brusivo%abrasive
brusivost%abrasive quality
bruska%sander
bruslař%skater
bruslaři%skaters
brusle%ice skate%skates%skate
bruslení%skating
bruslil%skated
bruslit%ice skate%skate
brusně%abrasively
brusné plátno%abrasive cloth
brusné zrno%abrasive grain
brusný%abrading%abrasive
brusný kotouč%abrasive disk%grindstone
brusný materiál%abrasive material
brusný papír%sandpaper
brusný pás%abrasive belt%abrasive band%abrasion belt
brusný prach%abrasion dust
brusný prášek%abrasive powder
brusný segment%abrasive segment
brutálně%brutally
brutální%brutish%roughshod%insensate%ruffianly%brutal%butcherly%ferine%beastly
brutální zacházení%third degree
brutálnost%brutality%heavyhandedness%brutishness%heavy-handedness
Brute Force and Ignorance%BFI
Brute Force and Massive Ignorance%BFMI
brutto%gross
brutto váha%gross
Brutus%Brutus
Bryan%Bryan
Bryant%Bryant
Bryce%Bryce
bryčka%buggy%barouche
bryčky%buggies
brýle%goggles%glasses%sunglasses%spectacles%eyeglasses
brynda%pickle%plight
bryndáček%dicky%bib
brynza%soft sheep's milk cheese
brynzové halušky%brynza gnocchi
bryologie%bryology
bryskně%offhandedly
bryskní%brusque%brusk
brzda%retarder%brake%disincentive
brzdař%brakeman
brzdění%braking
brzdicí%brake%decelerating
brzdící%impending%counterproductive
brzdil%braked
brzdit%stunt%brake%retard%curb
brzdit směrovkou%fishtail
brzdový%brake
brzdový třmen%caliper
brzdy%brakes
brzlík%thymus%sweetbread
brzo%soon%early
brzy%presently%soon%early%anon
brzy se uvidíme%see you soon
BSB biochemická spotřeba kyslíku (něm.)%biochemical oxygen demand (BOD)
BSBI Botanical Society of the British Isles%Botanical Society of the British Isles
BSK%BOD
BTO British Trust for Ornithology%British Trust for Ornithology
Btu Britská tepelná jednotka (angl.)%British thermal unit
bu!%poof!
bú%moo
bubák%golliwog%bugbear%bogy
buben%drum%bass drum%barrel
bubeník%drum%percussionist%drummer
bubínek%drum%snare drum%tabor%tambour%ear drum%bongo
bubínková membrána%drumhead
bublající%burbling
bublal%burbled%bubbled
bublání%hubble-bubble%guggle%bubbling
bublanina%souffle
bublat%effervesce%guggle%bubble%gurgle%perk
bublina%bubble%balloon
bublinatka%bladderwort
bublinka%bubble%bleb%blister
bublinková lázeň%bubble bath
bubliny%bubbles
bubnování%drumbeat%drumming
bubnová palba%drumfire
bubnovat%beat a drum%drum
bubny%cans%drums
bůček%pork belly%flitch%Bacon%brisket
bučení %booing
bučet%moo
buch%bounce
Buchanan%Buchanan
buchar%hammer
buchnutí%clunk
buchta%pie%cake%bun
buchty%buns
Buchwald%Buchwald
Buckley%Buckley
Bucknell%Bucknell
buclatější%plumper
buclatý%plump
buď%be!%either
buď anebo%pass-fail
buď... anebo%either... or
Budapešť%Budapest
Budd%Budd
Buddha%Buddha
buddhismus%Buddhism
buddhistický%Buddhist
buddhistický symbol%mandala
buddhizmus%Buddhism
buddismus%Buddhism
bude%will be%will
bude-li%if it will be%whether it will be
budeme%we will%we'll
budeš%you'll%will
bude stanoveno%tbd
budete%you'll%will
bude to velký průšvih%shit is going to hit the fan
Budget Authority%BA
Budget Estimate Agreement%BEA
Budget Estimate Submission%BES
Budget Program Activity Code%BPAC
budha%buddha
budič%exciter%energizer
budíček%alarm
budící magnet%field magnet
budící námitky%objectionable
budík%gauge%alarm clock
budit%wake%rouse%wake up%awaken
buditel%revivalist
budit se%wake up%awaken
budiž!%so be it!
budiž%so
budižkničemu%ne'er-do-well%good-for-nothing
budka%lodge%shelter%booth%cabin%cab%box
budka výběrčího mýtného%tolbooth
buď... nebo%either... or
budníček lesní%wood warbler
budoár%boudoir
budou%they will be%will%they will
budoucí%st./sb. that is to be%prospective%intending%future%upside%incoming
budoucí čas%future%future time%future tense
budoucí hvězda%starlet
budoucí ženich%fiance
budoucno%by-and-by%years to come
budoucnost%future%futurity
budoucnosti%futures
budova%premises%edifice%structure%building
budova jatek%slaughterhouse
budova mající velké místnosti%open-plan
budování%building%creation
budování infrastruktury jako subvence%infrastructure development as a subsidy.
budova opatství%abbey
budova s vydýchaným vzduchem%a sick building
budovat%construct%build
budovatel%builder
budovy%buildings
budovy a zařízení%plant and equipment
budovy opatství%abbeys
buduje%constructs
Budvar%Bud%Budweisser
Buehring%Buehring
Buena%Buena
bufet%snack bar%coffee shop%cafeteria%buffet
bufetová strava%junk food
bufferovaný%buffered
bugy-vugy%boogie
Bůh%God%Supreme Being
bůh války%war god
bůhvíkde%God knows where
bůhvíkdo%God knows who
bůhvíkolik%God knows how many
build/built/built%built%build
Built-in-Self-Test%BIST
bujabéza%bouillabaisse
bujaře%jauntily
bujel%thrived
bujení%proliferation
bujet%vegetate%thrive%flourish
bující%thriving%proliferative
bujně%luxuriantly
bujnější%lusher
bujnost%buoyancy%lushness%sprightliness%grossness
bujný%sprightly%lush%generous%exuberant%luxuriant
bujon%broth%bouillon
buk%beech
bukač%bittern
bukáček malý%little bittern
bukální%buccal
bukanýr%privateer
bukovina%beechwood
bukový%beech%beechen
Bukurerešť%Bucharest
Bukurešť%Bucharest
buky%beeches
bula%bulla
buldok%bulldog
buldozer%bulldozer%dozer
buletin%bulletin
bulgur%bulghur%bulgur%bulgur wheat
Bulhar%Bulgarian
Bulharsko%Bulgaria
Bulharský%Bulgarian
bulharština%Bulgarian
bulimický%bulimic
bulimie%bulimia
bulka%knob
bulletin%bulletin
Bull S---%BS
bulózní%bullate
bulteriér%bull terrier
bulva%eyeball
bulvár%avenue%tabloid%boulevard
bulváry%avenues
bulvy%eyeballs
bum%wham
bumbat%drink
bumerang%boomerang
bunda%jacket%anorak%casual jacket
bundy%jackets
Bundy%Bundy
buněčná stěna%cell wall
buněčnost%cellularity
buněčný%cellular%cell
bungalov%bungalow
bungalovy%bungalows
bungee%bungee
bungee jumping%bungee jumping
buničina%pulp%cellulose%wood pulp
buňka%cyte%cell
buňkovitý%cellular
buňkový%cellular
bunkr%bunker%shelter
buňky%cells
Bunyan%Bunyan
Búr%Boer
burácení%roar%rumbling%rumble%thunder
burácet%roar%storm%bluster%thunder
burák%peanut
buran%a redneck
burani%hicks
Burbank%Burbank
burčák%new wine%Heurige%stum%young wine%Heuriger
Burch%Burch
burcovat%rouse
buřeň%weed
burgundské%burgundy
Burgundsko%Burgundy
buřič%stirrer%insurrectionary%troublemaker%firebrand
buřičský%bolshy
buřičství%rabble-rousing
buřinka%bowler%bowler hat
buřinky%bowlers
Burke%Burke
Burkes%Burkes
Burkina Faso%Burkina Faso
burleska%burlesque
burleskní%burlesque
Burlingame%Burlingame
Burlington%Burlington
buřňák%fulmar%petrel%giant petrel
buřňák Hallův%northern giant petrel
buřňák lední%northern fulmar
buřňák modravý%blue petrel
buřňák obrovský%southern giant petrel
buřňák sněžný (jižní)%southern fulmar
burn/burned/burned%burn%burned
burn/burnt/burnt%burn%burnt
Burnes%Burnes
Burnett%Burnett
Burnham%Burnham
Burnside%Burnside
Burnt Beyond Repair%BBR
Burroughs%Burroughs
bursky ořech%peanut
burský oříšek%peanut%goober%monkeynut%monkey-nut
burst/burst/burst%burst
Burt%Burt
Burton%Burton
Burtt%Burtt
Burundi%Burundi
burza%stock-exchange%stock market%stock exchange%exchange
burza cenných papírů%stock exchange
burzitida%bursitis
buržoazie%bourgeoisie
buržoazní%bourgeois%burgeois
burzovní analytik%chartist
burzovní závazek%commitment
burzy%stocks
buš%scrubland%bush%bushland
Busch%Busch
bušení%pounding%pit-a-pat%pound%palpitation
Bushman%Bushman
bušit%hammer%palpitate%knock%pound%thump%throb%baste
bušit např. srdce%palpitate
bušit pěstmi%pummel
bušl%bushel
butadien%butadiene
butan%butane
butanol%butanol
butanon%butanone
buten%butene%butylene
But I Could Be Wrong%BICBW
butik%boutique
But Of Course%BOC
Butterfield%Butterfield
But Then Again (in response to IOW)%BTA
But Then Again I could Be Wrong%BTAICBW
Buttrick%Buttrick
Butt Ugly ASCII Font%BUAF
Butt Ugly ASCII Graphic%BUAG
butyl%butyl
butylalkohol%butanol
butylen%butene%butylene
But You Knew That%BYKT
But You Knew That Already%BYKTA
butyrát%butyrate
buvol%buffalo
buvol indický%water buffalo
Buxton%Buxton
buy/bought/bought%bought%buy
bůžek lásky%cupid%Amor
buzerant%bugger
buzerovat (někoho)%order sb. about%boss sb. about
buzola%compass
Buzz Word Quotient%BWQ
by%would
By Any Chance%BAC
bych%would
bychom%we would%would
býci%bulls
býčí zápasy%bullfighting%bullfight
bydlel%dwelt%lodged
bydlení%housing%habitation
bydlet%lodge%dwell%live%reside
bydlet společně%double up
bydlet v%live in
bydlet v chatrči%cabin
bydlí%dwells%resides%lives
bydlící%resident
bydliště%place of residence%abode%residences%place%residence%habitation%domicile
bydlit%live
bydlo%livelihood
Bye Bye For Now%BBFN
Bye For Now%BFN
Bye for Now%B4N
Byers%Byers
býk%bull
Býk%Taurus
byl%was
byla%was%were
byla naštvaná%she had a bee in her bonnet
byli%was%were
bylina%herb
bylinář%herbalist
bylinářství%herbalism
bylinkář%herbalist
bylinný%herbaceous%herbal
byliny%herbs%herbage
byl jsi%wast
bylo%has been%was
bylo nebylo%once upon a time
byl oslavován%feted
bylo založeno%was found
býložravec%herbivore
býložravý%herbivorous
byl složen%consisted
byl svědkem%witnessed
byl tu Kilroy%Kilroy was here
byl v rozporu%belied
byly%was%were
by měl%ought
Bypass Ratio%BPR
Byrd%Byrd
byrkracie%bureaucracy
Byrne%Byrne
byrokracie%bureaucracy%bureaucracies%red tape%officialdom
byrokrat%bureaucrat
byrokrati%bureaucrats
byrokratický%bureaucratic
byrokraticky%bureaucratically
byrokratismus%bureaucratism
byrokratizace%bureaucratisation%bureaucratization
Byron%Jerad%Byron
byronismus%byronic
byronský%byronic
bys%you would%would
bys měl%ought
byssinóza%byssinosis%brown lung
byste%you would%would
bystře%astutely%quick-wittedly%brightly%smartly
bystřejší%smarter
bystřina%torrent
bystrost%perspicacity%acumen%subtlety%sharpness%quick-wittedness%sagacity%perception%shrewdness
bystrozraký%eagle-eyed%hawk-eyed%clear-sighted%clear-eyed%sharp-eyed
bystrý%quick-witted%subtle%sagacious%apt%smart%sharp%perspicacious%bright%gnostic%clever%discerning%astute%sharp-witted%perceptive%insightful%shrewd%cute
bystrý úsudek%discrimination
bystrý zrak%clear sight
byt%quarters%apartment%flat
být%be
byť%even if
byt a strava%bed and board
být atomizováno%atomized
být beze slov%at a loss for words
být bez krejcaru%to be broke
být bez peněz%be up a tree
být činný jako%act as
být dobrý%come in handy
být doma%be in
být do počtu%makeweight
byte%byte
bytem kde%domiciled
By The Way%BTW
být hoden%deserve
bytí%essence%ens%existence%subsistence%being
bytí králem%regality
bytí na pikniku%picnicking
být inteligentní%be on the ball
být (příjemný) jako kudla v zádech%to be a pain in the neck
být jako lazar%be laid up
být jako stvořený pro něco%be cut out for
být jakž takž přijatelný%get by
být k%be for
být konec%be over
být mimo (be zonked out)%zonk out
být mimo hru%be out
být mnohem hubenější%a shadow of his former self
být moderní%be with it
být mou Achilovou patou%be my undoing
bytná%landlady
být nachlazený%have a cold
být náchylný k čemu%prone
být nad%be over
být nadně%rock bottom
být na dně%rock bottom
být na lovu%prowl
být náměsíčný%sleepwalk
být na správném místě ve správnyý čas%being there
být na stráži%keep guard
být na svobodě%at liberty
být na úrovni%be on the ball
být nedílnou součastí%inhere
být nedílnou součástí něčeho%be part and parcel of st
být nejistý%a bit at sea
být nejlepší ze všech%be-all, end-all
být nekompatibilní%jarred
být nemocen%be sick
být nemódní%be out
být nepromokavý%hold water
být nervózní%jitter
být nesen%drift
být nevychovaný%carry on
bytní%landlords
bytný%landlord
být obsažen%inhere
být odporný%suck
být odpovědný za%in charge of
být oplodněn křížem%cross-fertilize
být ošizen%been had
bytost%creature%being
bytosti%beings%creatures
bytostný%fundamental
bytová výstavba%housing project
bytové zařízení%furnishing
bytovka%housing unit
bytový%residential%indoor
bytový dům%apartment block%multi-family house%apartment house%block of flats
bytový fond%housing capacity
bytový zloděj%housebreaker
být ozdobou%adorn
být pevný%be firm
být plný (čeho)%chock-a-block
být podobný%resemble
být podstatou%inhere
být pod vlivem alkoholu či drog (be zonked out)%zonk out
být poháněn%drift
být poražen%lose out
být poruchový%account for
být po všem%be over
být pozitivní%buck up
být - předpřítomný čas%been
být příčinou začátku%set off
být připraven%be there
být připravený%about
být přitahován%fancy
být pro%be for
být prodáván%go with
být proti%be against%oppose
být protilehlý%subtend
být prověřen%be vetted
být pryč%be away
být publikován%come out
být puntičkářský%split hairs
být rád%glad
být realistický%come down to earth
být rozdílný%differ
být rozumný%make sense
být různý%differ
být si kvit%a wash
být si vědom%aware
být škádlen ostatními%a rough time
být sklíčený%mope
být spravedlivý%by the same token%do justice
být spravedlivý/rovný i k nepříteli%give the devil his due
být starší%predate
být svědkem%witnessing
být svobodný, mít svobodu, svoboda slova%Libre
být svým nejhorším nepřítelem%cut your own throat
být typickým představitelem%epitomize
být ujištěn%rest assured
být unaven hledáním%can't see for looking
být úspěšný%make a hit
být uveden do provozu%come into play
být u vesla%be in
být užaslý%astonished
být v bezvědomí (be zonked out)%zonk out
být v čele%lead
být velmi překvapen%blow me down
být venku%be out
být věrný%abide by
být ve shodě%concur
být ve stavu zrodu%gestation
být ve stresu%climb the walls
být ve vzájemném vztahu%interrelate
být vhod%be suitable%be convenient%be handy
Být vhodně oblečen, mít dokonalý oděv%Look the part
být v konfliktu%jarred
být v kontaktu%keep in touch
být v kurzu%be in
být v mínusu%in the red
být v plusu%in the black
být v pohotovosti%stand by
být v rauši (be zonked out)%zonk out
být v rozporu%contradict%conflict
být v rozporu s%jar against%run afoul of%run foul of
být v sedmém nebi%walking on air
být v souladu%agree
být vůdcem%lead
být vyloučen%be out
být vypnutý%be off
být vzhůru%stay up%be up
byty%bytes%tenements%housing%flats%apartments
být za%be past
být zachycen%get caught
být zajímavý pro masmédia%newsworthy
být základem%underlie
být základnou%base
být založen%consist
být zaměstnán s ...%caught up
být zapnutý%be on
být zařazen%fall under
být zaražený%be taken aback
být zatížen%encumbered
být zavázán%obliged%oblige
být závislý%depend
být závislý (na drogách, léčivech)%addicted / be addicted to 
být závislý na%depend upon
být zdravý jako ryba%be a picture of health
být zdroj problémů%be my undoing
být zhnusen%fed-up
být zkouřený (be zonked out)%zonk out
být znám pod jménem%go by the name of
být zodpovědný za chybu%ass on the line
být zpochybňován%be questioned
být zručný%versed
být zticha%keep quiet
býval%used to be
bývalý%quondam%bypast%ex%late%former%past%mhjex-%one-time
byvaly, predchozi%whilom
bývat%be
Byzanc%Byzantium
Byzance%Byzantium
byzantinec%byzantine
byzantius%byzant
Byzantská říše%Byzantine Empire
byzantský%byzantine
byznys%biz%business
bzučák%beeper%sounder%buzzer
bzučení%zoom%buzzing
bzučet%churr%buzz%zoom%whir%hum
bzučící%abuzz%buzzy
c%c
č.%no.
Cabot%Cabot
čabraka%trappings%caparison
cache%cache
čachrář%wheeler-dealer
čachrovat%wheel and deal%dicker
čachry%hanky panky%hanky-panky
Čad%Chad
čadit%smolder
Cady%Cady
Caesar%Caesar
Cahill%Cahill
Cain%Cain
Caine%Caine
Cairo%Cairo
čaj%tea
čajová drť%broken tea
čajová konvice%teapot
čajová souprava%tea service%tea-service
čajovna%teashop%tea-room%tearoom
čajový%tea
čajový lístek%tea leaf
cáká%splashes
cákající%splashy
cákanec%splatter
cákání%splashing%swash
cákat%plash%slosh%swash
cákl%splashed
cáknutí%splashes
cáknutí do vody%splosh
cáknutý%wacky
Cal%Cal
Calais%Calais
calando%calando
Calder%Calder
Caldwell%Caldwell
Caleb%Caleb
Calgary%Calgary%Cowtown
Calhoun%Calhoun
Cali%Cali
Calkins%Calkins
Callaghan%Callaghan
Callahan%Callahan
Callan%Callan
Call Back%CB
Call For Discussion%CFD
čaloun%tapestry
čalouněná lavička%banquette
čalounění%upholstery%cushioning
čalouněný%padded%cushioned%upholstered
čalouník%upholsterer
čalounit%upholster
čalouny%hangings
Calvary%Calvary
Calvert%Calvert
Calvin%Calvin
Cambridge%Cambridge
Camden%Camden
Camelot%Camelot
Cameron%Cameron
Camilla%Camilla
Camille%Camille
Camino%Camino
Campbell%Campbell
Campylobacter%Campylobacter
Camus%Camus
Canaan%Canaan
Canada%Canada
Canadian Broadcasting Corporation%CBC
candát%zander
candát obecný%zander
candát velký%zander
Candida albicans%Candide
Canfield%Canfield
Canonical List Of All Known Acronyms%CLOAKA
Can Pigs Fly?%CPF
Canterbury%Canterbury
Can't Remember S---%CRS
Canute%Canute
čáp%stork
capat%patter%flatfoot
čapátí%chapati%chapatti
CAP common agricultural policy%common agricultural policy
čáp jabiru%jabiru
čapka%cap%coif
čapnout%nab
capriccio%capriccio
Caputo%Caputo
cár%shred%tatter
car%tsar%czar%tzar
čára%dash%line
čára hladiny velké vody%high-water level line
čára objemů nádrže%reservoir volume level line
čára ponoru%waterline
čára přílivu%high-water mark
čára průtoků (vody)%flow line
čára vodních stavů%water level line
čára vydatnosti%yield curve
čára za tryskovým letadlem%vapor trail
Carbone%Carbone
Cardiff%Cardiff
carevna%czaritza%tsarina%czarina
Carey%Carey
Cargill%Cargill
Cařihrad%Istanbul%Constantinople
čárka%comma%acute accent%coma
čárka "-" nad písmenem%macron
čárkování%dashing
čárkovaný%dashed
čárkovat%dash-and-dash%shade
čárkový kód%bar code%Universal Product Code
čárky%commas
Carl%Carl
Carleton%Carleton
Carlin%Carlin
Carlisle%Carlisle
Carlo%Carlo
Carlos%Blaine
Carlson%Carlson
Carlton%Carlton
Carlyle%Carlyle
Carmen%Carmen
Carmichael%Carmichael
Carnegie%Carnegie
čaroděj%wizard%sorcerer
čarodějka%enchantress%sorceress
čarodějnice%hag%hellcat%witch%witches
čarodějnický%magic%witchlike
čarodějnický kult%voodoo
čarodějnictví%thaumaturgy%witchery%voodooism%sorcery%witchcraft%devilry
čarodějný%magic
Carolina%Carolina
Caroline%Caroline
čarování%hex%witchcraft
čarovat%hex
čarovný%charming
čárový kód%barcode
Carr%Carr
Carrara%Carrara
Carrie%Carrie
Carroll%Carroll
Carruthers%Carruthers
carský%czarist%tsarist%czaristic
Carson%Carson
Cartier%Cartier
Carty%Carty
Caruso%Caruso
čáry%voodoo%lines
cáry%shreds
čárymáry%abracadabra
čas%tense%time
Casanova%Casanova
Cascara%cascara
Cascara sagrada%cascara
čas, cesta%time, travel
časem%sometimes%with time%occasionally%now and again%in time%in the long run
čas existence jevu%timeframe%time-frame
Casey%Casey
čas hry%playtime
čas jít spát%bedtime
čas na čaj%teatime
čas na večeři%dinnertime
časně%early%betimes
časnější%earlier
časnost%temporality%earliness
časný%early%matutinal
čas od času%time and again
časoměr%chronoscope%timepiece
časoměřič%timekeeper
časomíra%timekeeping
časopis%magazine%periodical%mag%journal
časopis fan klubu%fanzine
časopisy%journals%periodicals
časoprostor%space-time
časovač%timer
časoval%conjugated
časová měřítka%timescales
časová mez%time limit
časovaná puma%time bomb%time-bomb
časování%conjugation
časovaný%timed
časovat%inflect%time%conjugate
časová základna%timebase
časová značka%timestamp
časová zóna%time zone%timezone
časově%temporally%in terms of time
časové měřítko%timescale
časově náročný%time-consuming
časově nejbližší%soonest
časově neomezený%open-ended
časově omezený úvěr%time loan
časové posloupnosti%chronology
časové rozlišení%accruing
časové rozvržení%timetabling
časově se shodovat%coincide
časové spínače%timers
časově úsporný%timesaving%time-saving
časové zpoždění%time lag
časový%temporal%love
časový interval%span
časový limit%time limit
časový odběr vzorku (vody)%chronologic sampling
časový plán%schedule
časový přehled%timeline
časový program%schedule
časový rámec%time frame
časový rozpis%schedule
